{
  "postCodeCityList":["00-001 Warszawa",
"05-070 Sulejówek",
"05-071 Sulejówek",
"05-074 Halinów",
"05-079 Halinów",
"05-080 Izabelin",
"05-082 Stare Babice",
"05-083 Leszno",
"05-084 Leszno",
"05-085 Kampinos",
"05-088 Brochów",
"05-090 Raszyn",
"05-091 Ząbki",
"05-092 Łomianki",
"05-100 Nowy Dwór Mazowiecki",
"05-101 Nowy Dwór Mazowiecki",
"05-102 Nowy Dwór Mazowiecki",
"05-110 Jabłonna",
"05-119 Legionowo",
"05-120 Legionowo",
"05-123 Jabłonna",
"05-124 Wieliszew",
"05-126 Nieporęt",
"05-130 Nieporęt",
"05-131 Serock",
"05-135 Wieliszew",
"05-140 Serock",
"05-152 Czosnów",
"05-155 Leoncin",
"05-160 Nowy Dwór Mazowiecki",
"05-170 Zakroczym",
"05-180 Pomiechówek",
"05-190 Nasielsk",
"05-191 Nasielsk",
"05-192 Nowe Miasto",
"05-200 Wołomin",
"05-205 Klembów",
"05-220 Zielonka",
"05-230 Kobyłka",
"05-240 Tłuszcz",
"05-250 Radzymin",
"05-252 Dąbrówka",
"05-254 Dąbrówka",
"05-255 Radzymin",
"05-270 Marki",
"05-280 Jadów",
"05-281 Jadów",
"05-282 Strachówka",
"05-303 Mińsk Mazowiecki",
"05-304 Stanisławów",
"05-306 Jakubów",
"05-307 Dobre",
"05-310 Kałuszyn",
"05-311 Dębe Wielkie",
"05-317 Mrozy",
"05-319 Cegłów",
"05-320 Mrozy",
"05-326 Poświętne",
"05-332 Siennica",
"05-334 Latowicz",
"05-340 Kołbiel",
"05-400 Otwock",
"05-402 Otwock",
"05-408 Wiązowna",
"05-430 Celestynów",
"05-462 Wiązowna",
"05-480 Karczew",
"05-500 Piaseczno",
"05-501 Lesznowola",
"05-502 Piaseczno",
"05-503 Piaseczno",
"05-504 Piaseczno",
"05-505 Prażmów",
"05-506 Lesznowola",
"05-510 Konstancin-Jeziorna",
"05-520 Konstancin-Jeziorna",
"05-530 Góra Kalwaria",
"05-532 Góra Kalwaria",
"05-540 Prażmów",
"05-552 Lesznowola",
"05-555 Tarczyn",
"05-600 Grójec",
"05-604 Jasieniec",
"05-610 Goszczyn",
"05-620 Błędów",
"05-622 Belsk Duży",
"05-640 Mogielnica",
"05-650 Chynów",
"05-652 Pniewy",
"05-660 Warka",
"05-800 Pruszków",
"05-802 Pruszków",
"05-803 Pruszków",
"05-804 Pruszków",
"05-805 Brwinów",
"05-806 Michałowice",
"05-807 Podkowa Leśna",
"05-808 Brwinów",
"05-816 Michałowice",
"05-820 Michałowice",
"05-822 Milanówek",
"05-825 Grodzisk Mazowiecki",
"05-830 Nadarzyn",
"05-831 Nadarzyn",
"05-840 Brwinów",
"05-850 Ożarów Mazowiecki",
"05-860 Ożarów Mazowiecki",
"05-870 Błonie",
"06-100 Pułtusk",
"06-102 Pułtusk",
"06-114 Pokrzywnica",
"06-120 Winnica",
"06-121 Pokrzywnica",
"06-124 Gzy",
"06-126 Gzy",
"06-141 Winnica",
"06-150 Świercze",
"06-200 Maków Mazowiecki",
"06-210 Płoniawy-Bramura",
"06-211 Płoniawy-Bramura",
"06-212 Krasnosielc",
"06-213 Sypniewo",
"06-214 Krasnosielc",
"06-216 Sypniewo",
"06-220 Szelków",
"06-225 Rzewnie",
"06-230 Różan",
"06-231 Młynarze",
"06-232 Czerwonka",
"06-300 Przasnysz",
"06-316 Krzynowłoga Mała",
"06-320 Baranowo",
"06-323 Jednorożec",
"06-330 Chorzele",
"06-333 Chorzele",
"06-400 Ciechanów",
"06-404 Opinogóra Górna",
"06-405 Krasne",
"06-406 Opinogóra Górna",
"06-407 Opinogóra Górna",
"06-408 Krasne",
"06-410 Ciechanów",
"06-413 Ciechanów",
"06-415 Czernice Borowe",
"06-420 Gołymin-Ośrodek",
"06-425 Karniewo",
"06-430 Sońsk",
"06-440 Sońsk",
"06-445 Strzegowo",
"06-450 Glinojeck",
"06-452 Glinojeck",
"06-455 Glinojeck",
"06-456 Ojrzeń",
"06-458 Strzegowo",
"06-460 Grudusk",
"06-461 Regimin",
"06-500 Mława",
"06-513 Wieczfnia Kościelna",
"06-516 Szydłowo",
"06-520 Dzierzgowo",
"06-521 Wiśniewo",
"06-522 Strzegowo",
"06-540 Radzanów",
"06-544 Lipowiec Kościelny",
"06-545 Lipowiec Kościelny",
"06-550 Szreńsk",
"06-560 Stupsk",
"06-561 Stupsk",
"07-100 Węgrów",
"07-104 Stoczek",
"07-106 Miedzna",
"07-110 Grębków",
"07-111 Wierzbno",
"07-120 Korytnica",
"07-130 Łochów",
"07-132 Łochów",
"07-140 Sadowne",
"07-200 Wyszków",
"07-201 Wyszków",
"07-202 Wyszków",
"07-203 Somianka",
"07-205 Rząśnik",
"07-206 Somianka",
"07-207 Rząśnik",
"07-210 Długosiodło",
"07-211 Długosiodło",
"07-214 Zatory",
"07-215 Obryte",
"07-217 Zatory",
"07-221 Brańszczyk",
"07-230 Zabrodzie",
"07-300 Ostrów Mazowiecka",
"07-302 Ostrów Mazowiecka",
"07-303 Stary Lubotyń",
"07-304 Ostrów Mazowiecka",
"07-305 Andrzejewo",
"07-306 Brok",
"07-308 Ostrów Mazowiecka",
"07-310 Ostrów Mazowiecka",
"07-311 Wąsewo",
"07-319 Małkinia Górna",
"07-320 Małkinia Górna",
"07-322 Nur",
"07-323 Zaręby Kościelne",
"07-324 Szulborze Wielkie",
"07-325 Boguty-Pianki",
"07-401 Ostrołęka",
"07-402 Lelis",
"07-405 Troszyn",
"07-407 Czerwin",
"07-409 Ostrołęka",
"07-410 Ostrołęka",
"07-411 Rzekuń",
"07-415 Olszewo-Borki",
"07-416 Olszewo-Borki",
"07-417 Ostrołęka",
"07-420 Kadzidło",
"07-430 Myszyniec",
"07-431 Czarnia",
"07-436 Łyse",
"07-437 Łyse",
"07-438 Łyse",
"07-440 Goworowo",
"08-101 Siedlce",
"08-103 Siedlce",
"08-104 Suchożebry",
"08-106 Zbuczyn",
"08-107 Paprotnia",
"08-108 Korczew",
"08-109 Przesmyki",
"08-110 Siedlce",
"08-111 Zbuczyn",
"08-112 Wiśniew",
"08-113 Domanice",
"08-114 Skórzec",
"08-116 Wodynie",
"08-117 Wodynie",
"08-119 Siedlce",
"08-122 Kotuń",
"08-124 Mokobody",
"08-125 Suchożebry",
"08-130 Kotuń",
"08-140 Mordy",
"08-200 Łosice",
"08-205 Stara Kornica",
"08-206 Huszlew",
"08-207 Olszanka",
"08-210 Platerów",
"08-220 Sarnaki",
"08-221 Sarnaki",
"08-300 Sokołów Podlaski",
"08-304 Jabłonna Lacka",
"08-307 Repki",
"08-311 Bielany",
"08-320 Sterdyń",
"08-322 Ceranów",
"08-330 Kosów Lacki",
"08-331 Sabnie",
"08-400 Garwolin",
"08-404 Górzno",
"08-410 Garwolin",
"08-412 Borowie",
"08-420 Miastków Kościelny",
"08-430 Żelechów",
"08-440 Pilawa",
"08-441 Parysów",
"08-443 Sobienie-Jeziory",
"08-445 Osieck",
"08-450 Łaskarzew",
"08-455 Trojanów",
"08-460 Sobolew",
"08-470 Wilga",
"08-480 Maciejowice",
"08-500 Ryki",
"08-503 Nowodwór",
"08-504 Ułęż",
"08-530 Dęblin",
"08-540 Stężyca",
"08-550 Kłoczew",
"09-100 Płońsk",
"09-110 Sochocin",
"09-120 Nowe Miasto",
"09-130 Baboszewo",
"09-131 Joniec",
"09-134 Siemiątkowo",
"09-135 Siemiątkowo",
"09-136 Raciąż",
"09-138 Raciąż",
"09-140 Raciąż",
"09-141 Załuski",
"09-142 Załuski",
"09-150 Czerwińsk nad Wisłą",
"09-151 Czerwińsk nad Wisłą",
"09-152 Naruszewo",
"09-162 Naruszewo",
"09-164 Dzierzążnia",
"09-166 Raciąż",
"09-200 Sierpc",
"09-204 Rościszewo",
"09-209 Drobin",
"09-210 Drobin",
"09-212 Sierpc",
"09-213 Gozdowo",
"09-214 Mochowo",
"09-216 Szczutowo",
"09-226 Zawidz",
"09-227 Szczutowo",
"09-228 Mochowo",
"09-230 Bielsk",
"09-300 Żuromin",
"09-303 Lubowidz",
"09-304 Lubowidz",
"09-310 Kuczbork-Osada",
"09-317 Lutocin",
"09-320 Bieżuń",
"09-321 Bieżuń",
"09-400 Płock",
"09-401 Płock",
"09-402 Płock",
"09-407 Płock",
"09-408 Płock",
"09-409 Płock",
"09-410 Płock",
"09-411 Stara Biała",
"09-412 Stara Biała",
"09-413 Brudzeń Duży",
"09-414 Brudzeń Duży",
"09-440 Staroźreby",
"09-442 Radzanowo",
"09-450 Wyszogród",
"09-451 Radzanowo",
"09-452 Bulkowo",
"09-454 Bulkowo",
"09-460 Mała Wieś",
"09-470 Bodzanów",
"09-471 Bodzanów",
"09-472 Słupno",
"09-500 Gostynin",
"09-504 Gostynin",
"09-505 Nowy Duninów",
"09-506 Nowy Duninów",
"09-520 Łąck",
"09-522 Gąbin",
"09-530 Gąbin",
"09-533 Słubice",
"09-540 Sanniki",
"09-541 Pacyna",
"09-550 Szczawin Kościelny",
"10-001 Olsztyn",
"10-370 Dywity",
"10-371 Dywity",
"10-373 Dywity",
"10-374 Dywity",
"10-376 Barczewo",
"10-381 Dywity",
"10-687 Purda",
"11-001 Dywity",
"11-008 Świątki",
"11-010 Barczewo",
"11-015 Olsztynek",
"11-030 Purda",
"11-034 Stawiguda",
"11-036 Gietrzwałd",
"11-040 Dobre Miasto",
"11-042 Jonkowo",
"11-100 Lidzbark Warmiński",
"11-106 Kiwity",
"11-130 Orneta",
"11-135 Lubomino",
"11-200 Bartoszyce",
"11-210 Sępopol",
"11-214 Bartoszyce",
"11-220 Górowo Iławeckie",
"11-230 Bisztynek",
"11-300 Biskupiec",
"11-311 Kolno",
"11-320 Jeziorany",
"11-400 Kętrzyn",
"11-410 Barciany",
"11-420 Srokowo",
"11-430 Korsze",
"11-440 Reszel",
"11-500 Giżycko",
"11-510 Wydminy",
"11-513 Miłki",
"11-520 Ryn",
"11-600 Węgorzewo",
"11-606 Budry",
"11-610 Pozezdrze",
"11-612 Kruklanki",
"11-700 Mrągowo",
"11-710 Piecki",
"11-730 Mikołajki",
"11-731 Sorkwity",
"12-100 Szczytno",
"12-114 Rozogi",
"12-120 Dźwierzuty",
"12-122 Jedwabno",
"12-130 Pasym",
"12-140 Świętajno",
"12-150 Świętajno",
"12-160 Wielbark",
"12-200 Pisz",
"12-220 Ruciane-Nida",
"12-230 Biała Piska",
"12-250 Orzysz",
"13-100 Nidzica",
"13-111 Janowiec Kościelny",
"13-113 Janowo",
"13-124 Kozłowo",
"13-200 Działdowo",
"13-203 Lidzbark",
"13-206 Płośnica",
"13-220 Rybno",
"13-230 Lidzbark",
"13-240 Iłowo-Osada",
"13-300 Nowe Miasto Lubawskie",
"13-304 Nowe Miasto Lubawskie",
"13-306 Kurzętnik",
"13-324 Grodziczno",
"13-330 Biskupiec",
"13-332 Nowe Miasto Lubawskie",
"13-334 Biskupiec",
"13-340 Biskupiec",
"14-100 Ostróda",
"14-105 Łukta",
"14-106 Ostróda",
"14-107 Grunwald",
"14-120 Dąbrówno",
"14-133 Ostróda",
"14-140 Miłomłyn",
"14-200 Iława",
"14-202 Iława",
"14-204 Iława",
"14-220 Kisielice",
"14-229 Lubawa",
"14-230 Zalewo",
"14-240 Susz",
"14-241 Iława",
"14-260 Lubawa",
"14-300 Morąg",
"14-310 Miłakowo",
"14-330 Małdyty",
"14-400 Pasłęk",
"14-405 Wilczęta",
"14-407 Godkowo",
"14-411 Rychliki",
"14-420 Młynary",
"14-500 Braniewo",
"14-520 Pieniężno",
"14-521 Lelkowo",
"14-526 Płoskinia",
"14-530 Frombork",
"15-001 Białystok",
"15-378 Juchnowiec Kościelny",
"15-509 Supraśl",
"15-511 Supraśl",
"15-523 Supraśl",
"15-528 Supraśl",
"15-592 Zabłudów",
"15-593 Zabłudów",
"15-603 Juchnowiec Kościelny",
"15-604 Juchnowiec Kościelny",
"15-605 Juchnowiec Kościelny",
"15-606 Zabłudów",
"15-608 Zabłudów",
"15-616 Choroszcz",
"15-623 Choroszcz",
"15-635 Choroszcz",
"15-694 Dobrzyniewo Duże",
"16-001 Juchnowiec Kościelny",
"16-002 Dobrzyniewo Duże",
"16-005 Juchnowiec Kościelny",
"16-010 Wasilków",
"16-020 Czarna Białostocka",
"16-030 Supraśl",
"16-040 Gródek",
"16-050 Michałowo",
"16-060 Zabłudów",
"16-061 Juchnowiec Kościelny",
"16-070 Choroszcz",
"16-075 Zawady",
"16-080 Tykocin",
"16-100 Sokółka",
"16-113 Szudziałowo",
"16-120 Krynki",
"16-123 Kuźnica",
"16-124 Sidra",
"16-130 Janów",
"16-140 Korycin",
"16-150 Suchowola",
"16-200 Dąbrowa Białostocka",
"16-205 Nowy Dwór",
"16-300 Augustów",
"16-304 Nowinka",
"16-310 Sztabin",
"16-315 Lipsk",
"16-316 Lipsk",
"16-320 Bargłów Kościelny",
"16-326 Płaska",
"16-402 Suwałki",
"16-404 Jeleniewo",
"16-405 Wiżajny",
"16-406 Rutka-Tartak",
"16-407 Wiżajny",
"16-411 Szypliszki",
"16-412 Suwałki",
"16-413 Suwałki",
"16-420 Raczki",
"16-423 Bakałarzewo",
"16-424 Filipów",
"16-427 Przerośl",
"16-500 Sejny",
"16-503 Krasnopol",
"16-506 Giby",
"16-515 Puńsk",
"17-100 Bielsk Podlaski",
"17-106 Orla",
"17-111 Boćki",
"17-120 Brańsk",
"17-123 Rudka",
"17-132 Wyszki",
"17-200 Hajnówka",
"17-204 Dubicze Cerkiewne",
"17-207 Czyże",
"17-210 Narew",
"17-220 Narewka",
"17-230 Białowieża",
"17-240 Czeremcha",
"17-250 Kleszczele",
"17-300 Siemiatycze",
"17-306 Dziadkowice",
"17-307 Mielnik",
"17-312 Drohiczyn",
"17-315 Grodzisk",
"17-322 Perlejewo",
"17-330 Nurzec-Stacja",
"17-332 Milejczyce",
"18-100 Łapy",
"18-105 Suraż",
"18-106 Turośń Kościelna",
"18-112 Poświętne",
"18-200 Wysokie Mazowieckie",
"18-204 Kobylin-Borzymy",
"18-208 Kulesze Kościelne",
"18-210 Szepietowo",
"18-212 Nowe Piekuty",
"18-214 Klukowo",
"18-218 Sokoły",
"18-220 Czyżew",
"18-230 Ciechanowiec",
"18-300 Zambrów",
"18-305 Szumowo",
"18-312 Rutki",
"18-315 Kołaki Kościelne",
"18-400 Łomża",
"18-411 Śniadowo",
"18-413 Miastkowo",
"18-414 Nowogród",
"18-416 Zbójna",
"18-420 Jedwabne",
"18-421 Piątnica",
"18-423 Przytuły",
"18-430 Wizna",
"18-500 Kolno",
"18-507 Grabowo",
"18-516 Mały Płock",
"18-520 Stawiski",
"18-525 Turośl",
"19-100 Mońki",
"19-104 Jasionówka",
"19-110 Goniądz",
"19-111 Krypno",
"19-120 Knyszyn",
"19-122 Trzcianne",
"19-124 Jaświły",
"19-200 Grajewo",
"19-206 Rajgród",
"19-213 Radziłów",
"19-222 Wąsosz",
"19-230 Szczuczyn",
"19-300 Ełk",
"19-301 Ełk",
"19-311 Ełk",
"19-313 Kalinowo",
"19-314 Kalinowo",
"19-321 Ełk",
"19-324 Stare Juchy",
"19-325 Ełk",
"19-326 Prostki",
"19-330 Stare Juchy",
"19-335 Prostki",
"19-400 Olecko",
"19-404 Wieliczki",
"19-411 Świętajno",
"19-420 Kowale Oleckie",
"19-500 Gołdap",
"19-504 Dubeninki",
"19-506 Gołdap",
"19-507 Gołdap",
"19-520 Banie Mazurskie",
"20-001 Lublin",
"20-258 Wólka",
"20-388 Głusk",
"20-515 Konopnica",
"20-823 Jastków",
"21-002 Jastków",
"21-003 Niemce",
"21-007 Mełgiew",
"21-008 Jastków",
"21-010 Łęczna",
"21-013 Puchaczów",
"21-020 Milejów",
"21-025 Niemce",
"21-030 Konopnica",
"21-040 Mełgiew",
"21-044 Trawniki",
"21-050 Piaski",
"21-060 Fajsławice",
"21-065 Rybczewice",
"21-070 Cyców",
"21-075 Ludwin",
"21-077 Spiczyn",
"21-080 Garbów",
"21-100 Lubartów",
"21-102 Ostrówek",
"21-104 Niedźwiada",
"21-107 Serniki",
"21-109 Uścimów",
"21-110 Ostrów Lubelski",
"21-132 Kamionka",
"21-136 Firlej",
"21-140 Michów",
"21-143 Abramów",
"21-146 Jeziorzany",
"21-150 Kock",
"21-200 Parczew",
"21-205 Jabłoń",
"21-210 Milanów",
"21-211 Dębowa Kłoda",
"21-220 Siemień",
"21-222 Podedwórze",
"21-230 Sosnowica",
"21-300 Radzyń Podlaski",
"21-302 Kąkolewnica",
"21-305 Wohyń",
"21-306 Czemierniki",
"21-307 Ulan-Majorat",
"21-310 Wohyń",
"21-311 Komarówka Podlaska",
"21-345 Borki",
"21-400 Łuków",
"21-404 Trzebieszów",
"21-411 Wojcieszków",
"21-412 Adamów",
"21-413 Serokomla",
"21-421 Stanin",
"21-422 Stanin",
"21-426 Wola Mysłowska",
"21-450 Stoczek Łukowski",
"21-470 Krzywda",
"21-480 Krzywda",
"21-500 Biała Podlaska",
"21-504 Rokitno",
"21-505 Janów Podlaski",
"21-509 Kodeń",
"21-512 Zalesie",
"21-515 Sławatycze",
"21-518 Sosnówka",
"21-523 Tuczna",
"21-526 Sławatycze",
"21-530 Piszczac",
"21-532 Łomazy",
"21-533 Rossosz",
"21-536 Biała Podlaska",
"21-540 Terespol",
"21-542 Leśna Podlaska",
"21-543 Konstantynów",
"21-550 Terespol",
"21-560 Międzyrzec Podlaski",
"21-564 Międzyrzec Podlaski",
"21-570 Drelów",
"21-580 Wisznice",
"22-100 Chełm",
"22-105 Chełm",
"22-106 Sawin",
"22-107 Sawin",
"22-110 Ruda-Huta",
"22-113 Kamień",
"22-114 Żmudź",
"22-120 Wojsławice",
"22-121 Chełm",
"22-122 Leśniowice",
"22-130 Siedliszcze",
"22-133 Siedliszcze",
"22-135 Białopole",
"22-145 Dubienka",
"22-150 Wierzbica",
"22-151 Chełm",
"22-170 Rejowiec Fabryczny",
"22-171 Rejowiec Fabryczny",
"22-172 Rejowiec Fabryczny",
"22-174 Dorohusk",
"22-175 Dorohusk",
"22-200 Włodawa",
"22-205 Wyryki",
"22-206 Wyryki",
"22-207 Włodawa",
"22-211 Włodawa",
"22-220 Hanna",
"22-230 Wola Uhruska",
"22-234 Urszulin",
"22-235 Hańsk",
"22-244 Stary Brus",
"22-300 Krasnystaw",
"22-302 Krasnystaw",
"22-304 Siennica Różana",
"22-310 Kraśniczyn",
"22-315 Gorzków",
"22-330 Rudnik",
"22-335 Żółkiewka",
"22-351 Łopiennik Górny",
"22-360 Rejowiec",
"22-363 Rejowiec",
"22-375 Izbica",
"22-376 Izbica",
"22-400 Zamość",
"22-413 Nielisz",
"22-417 Stary Zamość",
"22-420 Skierbieszów",
"22-424 Sitno",
"22-425 Grabowiec",
"22-435 Komarów-Osada",
"22-437 Łabunie",
"22-440 Krasnobród",
"22-442 Adamów",
"22-448 Sułów",
"22-455 Miączyn",
"22-460 Szczebrzeszyn",
"22-463 Radecznica",
"22-470 Zwierzyniec",
"22-500 Hrubieszów",
"22-510 Uchanie",
"22-523 Horodło",
"22-525 Horodło",
"22-530 Mircze",
"22-540 Dołhobyczów",
"22-546 Werbkowice",
"22-550 Werbkowice",
"22-554 Trzeszczany",
"22-600 Tomaszów Lubelski",
"22-604 Tarnawatka",
"22-610 Krynice",
"22-630 Tyszowce",
"22-640 Rachanie",
"22-650 Łaszczów",
"22-652 Telatyn",
"22-664 Jarczów",
"22-670 Bełżec",
"22-672 Susiec",
"22-678 Ulhówek",
"22-680 Lubycza Królewska",
"23-100 Bychawa",
"23-107 Strzyżewice",
"23-110 Krzczonów",
"23-114 Jabłonna",
"23-145 Wysokie",
"23-155 Zakrzew",
"23-200 Kraśnik",
"23-204 Kraśnik",
"23-206 Kraśnik",
"23-212 Wilkołaz",
"23-213 Zakrzówek",
"23-225 Szastarka",
"23-230 Trzydnik Duży",
"23-235 Annopol",
"23-250 Urzędów",
"23-251 Dzierzkowice",
"23-275 Gościeradów",
"23-300 Janów Lubelski",
"23-302 Godziszów",
"23-304 Dzwola",
"23-305 Chrzanów",
"23-310 Modliborzyce",
"23-313 Potok Wielki",
"23-320 Batorz",
"23-400 Biłgoraj",
"23-407 Tereszpol",
"23-408 Aleksandrów",
"23-412 Łukowa",
"23-413 Obsza",
"23-414 Księżpol",
"23-415 Księżpol",
"23-420 Tarnogród",
"23-423 Potok Górny",
"23-425 Biszcza",
"23-440 Frampol",
"23-450 Goraj",
"23-460 Józefów",
"23-465 Turobin",
"24-100 Puławy",
"24-103 Żyrzyn",
"24-105 Baranów",
"24-120 Kazimierz Dolny",
"24-123 Janowiec",
"24-130 Końskowola",
"24-150 Nałęczów",
"24-160 Wąwolnica",
"24-170 Kurów",
"24-173 Markuszów",
"24-200 Bełżyce",
"24-204 Wojciechów",
"24-220 Niedrzwica Duża",
"24-224 Borzechów",
"24-300 Opole Lubelskie",
"24-310 Karczmiska",
"24-313 Wilków",
"24-320 Poniatowa",
"24-335 Łaziska",
"24-340 Józefów nad Wisłą",
"24-350 Chodel",
"25-001 Kielce",
"25-090 Morawica",
"26-001 Masłów",
"26-004 Bieliny",
"26-006 Nowa Słupia",
"26-008 Górno",
"26-010 Bodzentyn",
"26-015 Pierzchnica",
"26-020 Chmielnik",
"26-021 Daleszyce",
"26-025 Łagów",
"26-026 Morawica",
"26-035 Raków",
"26-050 Zagnańsk",
"26-052 Sitkówka-Nowiny",
"26-060 Chęciny",
"26-065 Piekoszów",
"26-067 Strawczyn",
"26-070 Łopuszno",
"26-080 Mniów",
"26-085 Miedziana Góra",
"26-110 Skarżysko-Kamienna",
"26-115 Skarżysko Kościelne",
"26-120 Bliżyn",
"26-130 Suchedniów",
"26-140 Łączna",
"26-200 Końskie",
"26-212 Smyków",
"26-220 Stąporków",
"26-225 Gowarczów",
"26-230 Radoszyce",
"26-234 Słupia Konecka",
"26-242 Ruda Maleniecka",
"26-260 Fałków",
"26-300 Opoczno",
"26-307 Białaczów",
"26-315 Poświętne",
"26-330 Żarnów",
"26-332 Sławno",
"26-333 Paradyż",
"26-337 Aleksandrów",
"26-340 Drzewica",
"26-341 Mniszków",
"26-400 Przysucha",
"26-411 Rusinów",
"26-414 Potworów",
"26-415 Klwów",
"26-420 Nowe Miasto nad Pilicą",
"26-422 Borkowice",
"26-425 Odrzywół",
"26-432 Wieniawa",
"26-434 Gielniów",
"26-500 Szydłowiec",
"26-502 Jastrząb",
"26-503 Mirów",
"26-505 Orońsko",
"26-510 Chlewiska",
"26-601 Radom",
"26-603 Radom",
"26-604 Radom",
"26-605 Radom",
"26-606 Radom",
"26-609 Radom",
"26-610 Radom",
"26-611 Radom",
"26-612 Radom",
"26-613 Radom",
"26-615 Radom",
"26-616 Radom",
"26-617 Radom",
"26-620 Radom",
"26-624 Kowala",
"26-625 Wolanów",
"26-630 Jedlnia-Letnisko",
"26-631 Jastrzębia",
"26-634 Gózd",
"26-640 Skaryszew",
"26-650 Przytyk",
"26-652 Zakrzew",
"26-660 Jedlińsk",
"26-670 Pionki",
"26-680 Wierzbica",
"26-700 Zwoleń",
"26-704 Przyłęk",
"26-706 Tczów",
"26-713 Kazanów",
"26-720 Policzna",
"26-800 Białobrzegi",
"26-803 Promna",
"26-804 Stromiec",
"26-806 Stara Błotnica",
"26-807 Radzanów",
"26-811 Wyśmierzyce",
"26-900 Kozienice",
"26-902 Grabów nad Pilicą",
"26-903 Głowaczów",
"26-910 Magnuszew",
"26-914 Magnuszew",
"26-920 Gniewoszów",
"26-922 Sieciechów",
"26-930 Garbatka-Letnisko",
"27-100 Iłża",
"27-200 Starachowice",
"27-215 Wąchock",
"27-220 Mirzec",
"27-225 Pawłów",
"27-230 Brody",
"27-300 Lipsko",
"27-310 Ciepielów",
"27-312 Chotcza",
"27-320 Solec nad Wisłą",
"27-350 Sienno",
"27-353 Rzeczniów",
"27-400 Bodzechów",
"27-415 Kunów",
"27-420 Bodzechów",
"27-423 Bałtów",
"27-425 Waśniów",
"27-440 Ćmielów",
"27-500 Opatów",
"27-515 Tarłów",
"27-530 Ożarów",
"27-532 Wojciechowice",
"27-540 Lipnik",
"27-545 Lipnik",
"27-552 Baćkowice",
"27-570 Iwaniska",
"27-580 Sadowie",
"27-600 Dwikozy",
"27-612 Wilczyce",
"27-620 Dwikozy",
"27-630 Zawichost",
"27-640 Klimontów",
"27-641 Obrazów",
"27-650 Samborzec",
"27-660 Koprzywnica",
"27-670 Łoniów",
"28-100 Busko-Zdrój",
"28-114 Gnojno",
"28-130 Stopnica",
"28-131 Solec-Zdrój",
"28-133 Pacanów",
"28-136 Nowy Korczyn",
"28-142 Tuczępy",
"28-160 Wiślica",
"28-200 Staszów",
"28-210 Bogoria",
"28-220 Oleśnica",
"28-221 Osiek",
"28-225 Szydłów",
"28-230 Połaniec",
"28-232 Łubnice",
"28-236 Rytwiany",
"28-300 Jędrzejów",
"28-305 Sobków",
"28-313 Imielno",
"28-330 Wodzisław",
"28-340 Sędziszów",
"28-350 Słupia (Jędrzejowska)",
"28-362 Nagłowice",
"28-363 Oksa",
"28-366 Małogoszcz",
"28-400 Pińczów",
"28-404 Kije",
"28-411 Michałów",
"28-425 Złota",
"28-440 Działoszyce",
"28-500 Kazimierza Wielka",
"28-506 Czarnocin",
"28-512 Bejsce",
"28-520 Opatowiec",
"28-530 Skalbmierz",
"29-100 Włoszczowa",
"29-105 Krasocin",
"29-120 Kluczewsko",
"29-130 Moskorzew",
"29-135 Radków",
"29-145 Secemin",
"30-001 Kraków",
"30-199 Zabierzów",
"32-002 Wieliczka",
"32-003 Niepołomice",
"32-005 Niepołomice",
"32-007 Niepołomice",
"32-010 Kocmyrzów-Luborzyca",
"32-014 Kłaj",
"32-015 Kłaj",
"32-020 Wieliczka",
"32-031 Mogilany",
"32-040 Świątniki Górne",
"32-043 Skała",
"32-045 Sułoszowa",
"32-046 Skała",
"32-047 Skała",
"32-048 Jerzmanowice-Przeginia",
"32-049 Jerzmanowice-Przeginia",
"32-050 Skawina",
"32-051 Skawina",
"32-052 Skawina",
"32-053 Skawina",
"32-060 Liszki",
"32-061 Czernichów",
"32-064 Zabierzów",
"32-065 Krzeszowice",
"32-067 Krzeszowice",
"32-070 Czernichów",
"32-071 Czernichów",
"32-075 Gołcza",
"32-077 Skała",
"32-080 Zabierzów",
"32-082 Zabierzów",
"32-083 Zabierzów",
"32-084 Liszki",
"32-085 Wielka Wieś",
"32-086 Zielonki",
"32-087 Zielonki",
"32-088 Zielonki",
"32-089 Wielka Wieś",
"32-090 Słomniki",
"32-091 Michałowice",
"32-095 Iwanowice",
"32-100 Proszowice",
"32-104 Koniusza",
"32-107 Radziemice",
"32-109 Pałecznica",
"32-112 Proszowice",
"32-120 Nowe Brzesko",
"32-125 Igołomia-Wawrzeńczyce",
"32-130 Koszyce",
"32-200 Miechów",
"32-210 Książ Wielki",
"32-218 Słaboszów",
"32-222 Racławice",
"32-241 Kozłów",
"32-250 Charsznica",
"32-300 Olkusz",
"32-310 Klucze",
"32-327 Olkusz",
"32-329 Bolesław",
"32-332 Bukowno",
"32-340 Wolbrom",
"32-353 Trzyciąż",
"32-400 Myślenice",
"32-406 Siepraw",
"32-410 Dobczyce",
"32-412 Wiśniowa",
"32-414 Raciechowice",
"32-415 Raciechowice",
"32-420 Gdów",
"32-425 Myślenice",
"32-431 Pcim",
"32-432 Pcim",
"32-433 Lubień",
"32-434 Lubień",
"32-435 Tokarnia",
"32-436 Tokarnia",
"32-437 Tokarnia",
"32-438 Pcim",
"32-440 Sułkowice",
"32-442 Sułkowice",
"32-444 Myślenice",
"32-445 Myślenice",
"32-447 Siepraw",
"32-500 Chrzanów",
"32-540 Trzebinia",
"32-543 Trzebinia",
"32-545 Trzebinia",
"32-551 Babice",
"32-552 Chrzanów",
"32-555 Babice",
"32-566 Alwernia",
"32-590 Libiąż",
"32-593 Libiąż",
"32-600 Oświęcim",
"32-607 Polanka Wielka",
"32-608 Osiek",
"32-615 Oświęcim",
"32-620 Brzeszcze",
"32-625 Brzeszcze",
"32-626 Brzeszcze",
"32-640 Zator",
"32-641 Przeciszów",
"32-642 Oświęcim",
"32-650 Kęty",
"32-651 Kęty",
"32-652 Kęty",
"32-660 Chełmek",
"32-661 Chełmek",
"32-700 Bochnia",
"32-708 Drwinia",
"32-709 Drwinia",
"32-711 Bochnia",
"32-712 Rzezawa",
"32-720 Nowy Wiśnicz",
"32-722 Nowy Wiśnicz",
"32-724 Lipnica Murowana",
"32-725 Lipnica Murowana",
"32-731 Żegocina",
"32-732 Trzciana",
"32-733 Trzciana",
"32-740 Łapanów",
"32-741 Łapanów",
"32-742 Bochnia",
"32-744 Bochnia",
"32-765 Rzezawa",
"32-800 Brzesko",
"32-813 Szczurowa",
"32-820 Szczurowa",
"32-821 Szczurowa",
"32-822 Szczurowa",
"32-823 Brzesko",
"32-824 Borzęcin",
"32-825 Borzęcin",
"32-828 Dębno",
"32-830 Wojnicz",
"32-831 Wojnicz",
"32-840 Zakliczyn",
"32-841 Zakliczyn",
"32-842 Zakliczyn",
"32-851 Brzesko",
"32-852 Dębno",
"32-853 Dębno",
"32-854 Dębno",
"32-855 Zakliczyn",
"32-859 Czchów",
"32-860 Czchów",
"32-861 Iwkowa",
"32-862 Iwkowa",
"32-863 Czchów",
"32-864 Gnojnik",
"32-865 Gnojnik",
"33-100 Tarnów",
"33-111 Tarnów",
"33-112 Tarnów",
"33-113 Tarnów",
"33-114 Pleśna",
"33-115 Pleśna",
"33-121 Wierzchosławice",
"33-122 Wierzchosławice",
"33-130 Radłów",
"33-131 Żabno",
"33-132 Żabno",
"33-133 Radłów",
"33-140 Lisia Góra",
"33-150 Tarnów",
"33-151 Lisia Góra",
"33-152 Skrzyszów",
"33-156 Skrzyszów",
"33-157 Skrzyszów",
"33-158 Skrzyszów",
"33-159 Ryglice",
"33-160 Ryglice",
"33-161 Ryglice",
"33-162 Ryglice",
"33-163 Rzepiennik Strzyżewski",
"33-164 Rzepiennik Strzyżewski",
"33-167 Rzepiennik Strzyżewski",
"33-170 Tuchów",
"33-171 Pleśna",
"33-172 Tuchów",
"33-173 Tuchów",
"33-180 Gromnik",
"33-181 Gromnik",
"33-182 Gromnik",
"33-190 Ciężkowice",
"33-191 Ciężkowice",
"33-192 Ciężkowice",
"33-200 Dąbrowa Tarnowska",
"33-202 Dąbrowa Tarnowska",
"33-203 Szczucin",
"33-204 Szczucin",
"33-205 Dąbrowa Tarnowska",
"33-206 Radgoszcz",
"33-207 Radgoszcz",
"33-210 Olesno",
"33-220 Bolesław",
"33-221 Mędrzechów",
"33-230 Szczucin",
"33-240 Żabno",
"33-250 Żabno",
"33-251 Żabno",
"33-260 Gręboszów",
"33-262 Gręboszów",
"33-263 Olesno",
"33-264 Olesno",
"33-270 Wietrzychowice",
"33-271 Wietrzychowice",
"33-273 Radłów",
"33-300 Chełmiec",
"33-311 Chełmiec",
"33-312 Łososina Dolna",
"33-314 Łososina Dolna",
"33-316 Gródek nad Dunajcem",
"33-318 Gródek nad Dunajcem",
"33-322 Korzenna",
"33-323 Korzenna",
"33-325 Grybów",
"33-326 Korzenna",
"33-330 Grybów",
"33-331 Grybów",
"33-332 Grybów",
"33-333 Grybów",
"33-334 Kamionka Wielka",
"33-335 Nawojowa",
"33-336 Łabowa",
"33-340 Stary Sącz",
"33-342 Stary Sącz",
"33-343 Rytro",
"33-350 Piwniczna-Zdrój",
"33-351 Piwniczna-Zdrój",
"33-370 Muszyna",
"33-380 Krynica-Zdrój",
"33-383 Krynica-Zdrój",
"33-386 Podegrodzie",
"33-388 Stary Sącz",
"33-389 Łącko",
"33-390 Łącko",
"33-393 Chełmiec",
"33-394 Chełmiec",
"33-395 Chełmiec",
"34-100 Wadowice",
"34-103 Tomice",
"34-105 Wadowice",
"34-106 Mucharz",
"34-108 Wieprz",
"34-113 Brzeźnica",
"34-114 Brzeźnica",
"34-115 Brzeźnica",
"34-116 Spytkowice",
"34-120 Andrychów",
"34-122 Wieprz",
"34-123 Wadowice",
"34-124 Stryszów",
"34-125 Andrychów",
"34-130 Kalwaria Zebrzydowska",
"34-141 Kalwaria Zebrzydowska",
"34-142 Kalwaria Zebrzydowska",
"34-143 Lanckorona",
"34-144 Lanckorona",
"34-145 Stryszów",
"34-146 Stryszów",
"34-200 Sucha Beskidzka",
"34-205 Stryszawa",
"34-206 Stryszawa",
"34-210 Zembrzyce",
"34-211 Budzów",
"34-212 Budzów",
"34-220 Maków Podhalański",
"34-221 Zawoja",
"34-222 Zawoja",
"34-231 Maków Podhalański",
"34-232 Stryszawa",
"34-233 Stryszawa",
"34-234 Jordanów",
"34-235 Bystra-Sidzina",
"34-236 Bystra-Sidzina",
"34-240 Jordanów",
"34-242 Jordanów",
"34-300 Żywiec",
"34-311 Czernichów",
"34-312 Czernichów",
"34-315 Czernichów",
"34-321 Łękawica",
"34-322 Gilowice",
"34-323 Ślemień",
"34-324 Lipowa",
"34-325 Łodygowice",
"34-326 Łodygowice",
"34-331 Świnna",
"34-332 Koszarawa",
"34-335 Jeleśnia",
"34-340 Jeleśnia",
"34-341 Jeleśnia",
"34-350 Węgierska Górka",
"34-360 Milówka",
"34-370 Rajcza",
"34-371 Ujsoły",
"34-373 Milówka",
"34-381 Radziechowy-Wieprz",
"34-382 Radziechowy-Wieprz",
"34-383 Milówka",
"34-400 Nowy Targ",
"34-404 Nowy Targ",
"34-405 Bukowina Tatrzańska",
"34-406 Bukowina Tatrzańska",
"34-407 Czarny Dunajec",
"34-408 Czarny Dunajec",
"34-424 Szaflary",
"34-425 Biały Dunajec",
"34-431 Nowy Targ",
"34-432 Nowy Targ",
"34-433 Nowy Targ",
"34-434 Nowy Targ",
"34-435 Łapsze Niżne",
"34-436 Czorsztyn",
"34-440 Czorsztyn",
"34-441 Łapsze Niżne",
"34-442 Łapsze Niżne",
"34-443 Czorsztyn",
"34-450 Krościenko nad Dunajcem",
"34-451 Ochotnica Dolna",
"34-452 Ochotnica Dolna",
"34-453 Ochotnica Dolna",
"34-460 Szczawnica",
"34-470 Czarny Dunajec",
"34-471 Nowy Targ",
"34-472 Czarny Dunajec",
"34-480 Jabłonka",
"34-481 Jabłonka",
"34-482 Jabłonka",
"34-483 Lipnica Wielka",
"34-484 Jabłonka",
"34-500 Zakopane",
"34-511 Kościelisko",
"34-512 Kościelisko",
"34-513 Czarny Dunajec",
"34-514 Kościelisko",
"34-520 Poronin",
"34-521 Poronin",
"34-530 Bukowina Tatrzańska",
"34-531 Poronin",
"34-532 Bukowina Tatrzańska",
"34-600 Limanowa",
"34-602 Laskowa",
"34-603 Laskowa",
"34-604 Łukowica",
"34-606 Łukowica",
"34-607 Kamienica",
"34-608 Kamienica",
"34-615 Słopnice",
"34-617 Jodłownik",
"34-620 Jodłownik",
"34-623 Jodłownik",
"34-625 Dobra",
"34-642 Dobra",
"34-643 Dobra",
"34-650 Tymbark",
"34-652 Limanowa",
"34-654 Limanowa",
"34-700 Rabka-Zdrój",
"34-713 Raba Wyżna",
"34-720 Rabka-Zdrój",
"34-721 Raba Wyżna",
"34-722 Jabłonka",
"34-723 Raba Wyżna",
"34-730 Mszana Dolna",
"34-733 Mszana Dolna",
"34-734 Mszana Dolna",
"34-735 Niedźwiedź",
"34-736 Mszana Dolna",
"34-741 Mszana Dolna",
"34-745 Spytkowice",
"35-001 Rzeszów",
"35-106 Boguchwała",
"36-001 Trzebownisko",
"36-002 Trzebownisko",
"36-003 Głogów Małopolski",
"36-004 Trzebownisko",
"36-007 Krasne",
"36-016 Chmielnik",
"36-017 Chmielnik",
"36-020 Tyczyn",
"36-024 Hyżne",
"36-025 Hyżne",
"36-030 Błażowa",
"36-040 Boguchwała",
"36-041 Boguchwała",
"36-042 Lubenia",
"36-043 Lubenia",
"36-046 Boguchwała",
"36-047 Boguchwała",
"36-050 Sokołów Małopolski",
"36-051 Sokołów Małopolski",
"36-052 Sokołów Małopolski",
"36-053 Kamień",
"36-054 Świlcza",
"36-055 Świlcza",
"36-060 Głogów Małopolski",
"36-061 Głogów Małopolski",
"36-062 Trzebownisko",
"36-065 Dynów",
"36-067 Dynów",
"36-068 Dynów",
"36-069 Dynów",
"36-071 Świlcza",
"36-072 Świlcza",
"36-073 Krasne",
"36-100 Kolbuszowa",
"36-105 Cmolas",
"36-106 Cmolas",
"36-107 Niwiska",
"36-110 Majdan Królewski",
"36-121 Dzikowiec",
"36-122 Dzikowiec",
"36-123 Dzikowiec",
"36-125 Raniżów",
"36-130 Raniżów",
"36-145 Kolbuszowa",
"36-147 Niwiska",
"36-200 Brzozów",
"36-203 Nozdrzec",
"36-204 Dydnia",
"36-206 Brzozów",
"36-207 Dydnia",
"36-211 Haczów",
"36-212 Haczów",
"36-213 Haczów",
"36-220 Jasienica Rosielna",
"36-221 Jasienica Rosielna",
"36-230 Domaradz",
"36-231 Domaradz",
"36-233 Domaradz",
"36-245 Nozdrzec",
"37-100 Łańcut",
"37-110 Żołynia",
"37-111 Rakszawa",
"37-112 Łańcut",
"37-114 Białobrzegi",
"37-120 Markowa",
"37-121 Markowa",
"37-122 Łańcut",
"37-123 Łańcut",
"37-124 Łańcut",
"37-125 Czarna",
"37-126 Czarna",
"37-200 Przeworsk",
"37-203 Tryńcza",
"37-204 Tryńcza",
"37-205 Zarzecze",
"37-206 Kańczuga",
"37-207 Gać",
"37-220 Kańczuga",
"37-222 Kańczuga",
"37-223 Kańczuga",
"37-224 Kańczuga",
"37-225 Kańczuga",
"37-230 Jawornik Polski",
"37-231 Jawornik Polski",
"37-232 Jawornik Polski",
"37-300 Leżajsk",
"37-303 Kuryłówka",
"37-304 Kuryłówka",
"37-305 Leżajsk",
"37-306 Grodzisko Dolne",
"37-307 Leżajsk",
"37-310 Nowa Sarzyna",
"37-311 Nowa Sarzyna",
"37-312 Nowa Sarzyna",
"37-400 Nisko",
"37-403 Pysznica",
"37-405 Jarocin",
"37-410 Ulanów",
"37-413 Harasiuki",
"37-414 Harasiuki",
"37-415 Zaleszany",
"37-416 Zaleszany",
"37-418 Krzeszów",
"37-420 Rudnik nad Sanem",
"37-430 Jeżowe",
"37-433 Bojanów",
"37-450 Stalowa Wola",
"37-455 Radomyśl nad Sanem",
"37-470 Zaklików",
"37-500 Pawłosiów",
"37-511 Jarosław",
"37-512 Laszki",
"37-514 Jarosław",
"37-522 Wiązownica",
"37-523 Wiązownica",
"37-530 Sieniawa",
"37-534 Adamówka",
"37-535 Adamówka",
"37-536 Adamówka",
"37-541 Jarosław",
"37-542 Laszki",
"37-543 Laszki",
"37-544 Wiązownica",
"37-545 Laszki",
"37-550 Radymno",
"37-551 Radymno",
"37-552 Radymno",
"37-554 Chłopice",
"37-555 Radymno",
"37-560 Pruchnik",
"37-561 Chłopice",
"37-562 Rokietnica",
"37-564 Pruchnik",
"37-565 Roźwienica",
"37-600 Lubaczów",
"37-610 Narol",
"37-611 Cieszanów",
"37-612 Cieszanów",
"37-613 Narol",
"37-614 Narol",
"37-620 Horyniec-Zdrój",
"37-621 Lubaczów",
"37-622 Horyniec-Zdrój",
"37-625 Lubaczów",
"37-626 Wielkie Oczy",
"37-627 Wielkie Oczy",
"37-630 Oleszyce",
"37-631 Wielkie Oczy",
"37-632 Stary Dzików",
"37-700 Przemyśl",
"37-705 Przemyśl",
"37-710 Żurawica",
"37-712 Żurawica",
"37-713 Żurawica",
"37-714 Orły",
"37-716 Orły",
"37-717 Orły",
"37-722 Żurawica",
"37-723 Stubno",
"37-724 Stubno",
"37-731 Medyka",
"37-732 Medyka",
"37-733 Przemyśl",
"37-734 Fredropol",
"37-740 Bircza",
"37-741 Krasiczyn",
"37-742 Fredropol",
"37-743 Fredropol",
"37-744 Bircza",
"37-750 Dubiecko",
"37-751 Bircza",
"37-752 Dubiecko",
"37-753 Dubiecko",
"37-754 Krzywcza",
"37-755 Krzywcza",
"38-100 Strzyżów",
"38-102 Strzyżów",
"38-103 Czudec",
"38-111 Strzyżów",
"38-112 Niebylec",
"38-114 Niebylec",
"38-115 Niebylec",
"38-116 Niebylec",
"38-120 Czudec",
"38-121 Czudec",
"38-122 Strzyżów",
"38-123 Strzyżów",
"38-124 Wiśniowa",
"38-125 Frysztak",
"38-126 Wiśniowa",
"38-130 Frysztak",
"38-131 Frysztak",
"38-200 Jasło",
"38-203 Jasło",
"38-204 Tarnowiec",
"38-207 Jasło",
"38-211 Jasło",
"38-212 Brzyska",
"38-213 Kołaczyce",
"38-214 Kołaczyce",
"38-220 Dębowiec",
"38-222 Dębowiec",
"38-223 Osiek Jasielski",
"38-230 Nowy Żmigród",
"38-232 Krempna",
"38-241 Jasło",
"38-242 Skołyszyn",
"38-243 Skołyszyn",
"38-245 Szerzyny",
"38-246 Szerzyny",
"38-247 Szerzyny",
"38-300 Gorlice",
"38-303 Gorlice",
"38-304 Lipinki",
"38-305 Lipinki",
"38-306 Biecz",
"38-307 Sękowa",
"38-311 Gorlice",
"38-312 Ropa",
"38-315 Uście Gorlickie",
"38-316 Uście Gorlickie",
"38-321 Moszczenica",
"38-322 Łużna",
"38-323 Biecz",
"38-324 Bobowa",
"38-331 Łużna",
"38-333 Gorlice",
"38-340 Biecz",
"38-350 Bobowa",
"38-400 Krosno",
"38-406 Wojaszówka",
"38-420 Korczyna",
"38-422 Krościenko Wyżne",
"38-423 Miejsce Piastowe",
"38-430 Miejsce Piastowe",
"38-440 Iwonicz-Zdrój",
"38-441 Iwonicz-Zdrój",
"38-450 Dukla",
"38-451 Dukla",
"38-454 Dukla",
"38-455 Miejsce Piastowe",
"38-456 Dukla",
"38-457 Chorkówka",
"38-458 Chorkówka",
"38-459 Chorkówka",
"38-460 Jedlicze",
"38-462 Chorkówka",
"38-471 Wojaszówka",
"38-473 Wojaszówka",
"38-480 Rymanów",
"38-481 Rymanów",
"38-483 Rymanów",
"38-485 Jaśliska",
"38-500 Sanok",
"38-503 Sanok",
"38-504 Sanok",
"38-505 Bukowsko",
"38-506 Bukowsko",
"38-507 Sanok",
"38-516 Zagórz",
"38-524 Besko",
"38-530 Zarszyn",
"38-532 Zarszyn",
"38-533 Sanok",
"38-534 Sanok",
"38-535 Tyrawa Wołoska",
"38-540 Zagórz",
"38-542 Komańcza",
"38-543 Komańcza",
"38-600 Lesko",
"38-604 Baligród",
"38-606 Baligród",
"38-607 Cisna",
"38-608 Cisna",
"38-610 Solina",
"38-623 Olszanica",
"38-700 Ustrzyki Dolne",
"38-709 Czarna",
"38-710 Czarna",
"38-711 Ustrzyki Dolne",
"38-712 Ustrzyki Dolne",
"38-713 Lutowiska",
"38-714 Lutowiska",
"38-722 Olszanica",
"39-100 Ropczyce",
"39-102 Ropczyce",
"39-103 Ostrów",
"39-104 Ostrów",
"39-105 Ropczyce",
"39-106 Ropczyce",
"39-107 Ropczyce",
"39-110 Wielopole Skrzyńskie",
"39-111 Wielopole Skrzyńskie",
"39-120 Sędziszów Małopolski",
"39-122 Sędziszów Małopolski",
"39-123 Sędziszów Małopolski",
"39-124 Iwierzyce",
"39-126 Sędziszów Małopolski",
"39-127 Sędziszów Małopolski",
"39-200 Dębica",
"39-203 Żyraków",
"39-204 Żyraków",
"39-205 Dębica",
"39-206 Dębica",
"39-207 Dębica",
"39-208 Dębica",
"39-209 Żyraków",
"39-215 Czarna",
"39-216 Czarna",
"39-217 Czarna",
"39-218 Żyraków",
"39-220 Pilzno",
"39-221 Pilzno",
"39-222 Pilzno",
"39-223 Pilzno",
"39-224 Jodłowa",
"39-225 Jodłowa",
"39-230 Brzostek",
"39-231 Brzostek",
"39-232 Brzostek",
"39-300 Mielec",
"39-304 Czermin",
"39-305 Borowa",
"39-306 Czermin",
"39-307 Gawłuszowice",
"39-308 Wadowice Górne",
"39-310 Radomyśl Wielki",
"39-311 Radomyśl Wielki",
"39-312 Radomyśl Wielki",
"39-315 Radomyśl Wielki",
"39-320 Przecław",
"39-321 Przecław",
"39-322 Przecław",
"39-331 Mielec",
"39-332 Tuszów Narodowy",
"39-333 Tuszów Narodowy",
"39-340 Padew Narodowa",
"39-400 Tarnobrzeg",
"39-410 Grębów",
"39-432 Gorzyce",
"39-433 Gorzyce",
"39-434 Gorzyce",
"39-441 Tarnobrzeg",
"39-442 Nowa Dęba",
"39-450 Baranów Sandomierski",
"39-451 Baranów Sandomierski",
"39-460 Nowa Dęba",
"40-001 Katowice",
"41-100 Siemianowice Śląskie",
"41-103 Siemianowice Śląskie",
"41-106 Siemianowice Śląskie",
"41-200 Sosnowiec",
"41-203 Sosnowiec",
"41-205 Sosnowiec",
"41-208 Sosnowiec",
"41-209 Sosnowiec",
"41-214 Sosnowiec",
"41-215 Sosnowiec",
"41-216 Sosnowiec",
"41-217 Sosnowiec",
"41-218 Sosnowiec",
"41-219 Sosnowiec",
"41-250 Czeladź",
"41-260 Sławków",
"41-300 Dąbrowa Górnicza",
"41-303 Dąbrowa Górnicza",
"41-400 Mysłowice",
"41-403 Chełm Śląski",
"41-404 Mysłowice",
"41-406 Mysłowice",
"41-407 Imielin",
"41-408 Mysłowice",
"41-409 Mysłowice",
"41-412 Mysłowice",
"41-500 Chorzów",
"41-503 Chorzów",
"41-506 Chorzów",
"41-516 Chorzów",
"41-600 Świętochłowice",
"41-605 Świętochłowice",
"41-608 Świętochłowice",
"41-700 Ruda Śląska",
"41-706 Ruda Śląska",
"41-707 Ruda Śląska",
"41-709 Ruda Śląska",
"41-710 Ruda Śląska",
"41-711 Ruda Śląska",
"41-712 Ruda Śląska",
"41-717 Ruda Śląska",
"41-800 Zabrze",
"41-803 Zabrze",
"41-806 Zabrze",
"41-807 Zabrze",
"41-808 Zabrze",
"41-809 Zabrze",
"41-810 Zabrze",
"41-811 Zabrze",
"41-813 Zabrze",
"41-814 Zabrze",
"41-818 Zabrze",
"41-819 Zabrze",
"41-902 Bytom",
"41-905 Bytom",
"41-906 Bytom",
"41-907 Bytom",
"41-909 Bytom",
"41-910 Bytom",
"41-914 Bytom",
"41-922 Radzionków",
"41-923 Bytom",
"41-933 Bytom",
"41-935 Bytom",
"41-936 Bytom",
"41-940 Piekary Śląskie",
"41-943 Piekary Śląskie",
"41-945 Piekary Śląskie",
"41-946 Piekary Śląskie",
"41-948 Piekary Śląskie",
"41-949 Piekary Śląskie",
"42-100 Kłobuck",
"42-110 Popów",
"42-120 Miedźno",
"42-122 Miedźno",
"42-125 Kłobuck",
"42-130 Wręczyca Wielka",
"42-133 Wręczyca Wielka",
"42-134 Wręczyca Wielka",
"42-140 Panki",
"42-141 Przystajń",
"42-142 Przystajń",
"42-151 Opatów",
"42-152 Opatów",
"42-160 Krzepice",
"42-161 Krzepice",
"42-164 Lipie",
"42-165 Lipie",
"42-207 Częstochowa",
"42-208 Częstochowa",
"42-209 Częstochowa",
"42-215 Częstochowa",
"42-216 Częstochowa",
"42-217 Częstochowa",
"42-218 Częstochowa",
"42-221 Częstochowa",
"42-224 Częstochowa",
"42-226 Częstochowa",
"42-229 Częstochowa",
"42-230 Koniecpol",
"42-231 Mykanów",
"42-233 Mykanów",
"42-235 Lelów",
"42-240 Rędziny",
"42-242 Rędziny",
"42-244 Mstów",
"42-248 Przyrów",
"42-250 Przyrów",
"42-253 Janów",
"42-256 Olsztyn",
"42-260 Kamienica Polska",
"42-261 Starcza",
"42-262 Poczesna",
"42-263 Poczesna",
"42-265 Dąbrowa Zielona",
"42-270 Kłomnice",
"42-271 Częstochowa",
"42-274 Konopiska",
"42-280 Częstochowa",
"42-282 Kruszyna",
"42-283 Boronów",
"42-284 Herby",
"42-286 Koszęcin",
"42-287 Woźniki",
"42-288 Koszęcin",
"42-289 Woźniki",
"42-290 Blachownia",
"42-300 Myszków",
"42-310 Żarki",
"42-311 Żarki",
"42-320 Niegowa",
"42-350 Koziegłowy",
"42-360 Poraj",
"42-400 Zawiercie",
"42-421 Włodowice",
"42-425 Kroczyce",
"42-427 Kroczyce",
"42-436 Pilica",
"42-439 Żarnowiec",
"42-440 Ogrodzieniec",
"42-445 Szczekociny",
"42-446 Irządze",
"42-450 Łazy",
"42-454 Łazy",
"42-456 Łazy",
"42-457 Łazy",
"42-458 Łazy",
"42-460 Mierzęcice",
"42-470 Siewierz",
"42-480 Poręba",
"42-500 Będzin",
"42-504 Psary",
"42-510 Siewierz",
"42-512 Psary",
"42-520 Dąbrowa Górnicza",
"42-523 Dąbrowa Górnicza",
"42-530 Dąbrowa Górnicza",
"42-575 Psary",
"42-580 Wojkowice",
"42-582 Bobrowniki",
"42-583 Bobrowniki",
"42-584 Bobrowniki",
"42-595 Bobrowniki",
"42-600 Tarnowskie Góry",
"42-603 Tarnowskie Góry",
"42-605 Tarnowskie Góry",
"42-606 Tarnowskie Góry",
"42-609 Tarnowskie Góry",
"42-610 Miasteczko Śląskie",
"42-612 Tarnowskie Góry",
"42-620 Świerklaniec",
"42-622 Świerklaniec",
"42-624 Ożarowice",
"42-625 Ożarowice",
"42-660 Kalety",
"42-672 Zbrosławice",
"42-674 Zbrosławice",
"42-675 Zbrosławice",
"42-676 Zbrosławice",
"42-677 Zbrosławice",
"42-680 Tarnowskie Góry",
"42-690 Tworóg",
"42-693 Krupski Młyn",
"42-700 Lubliniec",
"42-713 Kochanowice",
"42-714 Herby",
"42-772 Pawonków",
"42-793 Ciasna",
"43-100 Tychy",
"43-109 Tychy",
"43-110 Tychy",
"43-140 Lędziny",
"43-143 Lędziny",
"43-150 Bieruń",
"43-155 Bieruń",
"43-175 Wyry",
"43-176 Wyry",
"43-178 Ornontowice",
"43-180 Orzesze",
"43-186 Orzesze",
"43-187 Orzesze",
"43-188 Orzesze",
"43-190 Mikołów",
"43-195 Mikołów",
"43-200 Pszczyna",
"43-210 Kobiór",
"43-211 Pszczyna",
"43-215 Pszczyna",
"43-220 Bojszowy",
"43-225 Miedźna",
"43-227 Miedźna",
"43-229 Pszczyna",
"43-230 Goczałkowice-Zdrój",
"43-241 Pszczyna",
"43-243 Pszczyna",
"43-245 Pszczyna",
"43-246 Strumień",
"43-251 Pawłowice",
"43-252 Pawłowice",
"43-253 Pawłowice",
"43-254 Pawłowice",
"43-262 Suszec",
"43-265 Suszec",
"43-267 Suszec",
"43-300 Bielsko-Biała",
"43-303 Bielsko-Biała",
"43-308 Bielsko-Biała",
"43-309 Bielsko-Biała",
"43-310 Bielsko-Biała",
"43-316 Bielsko-Biała",
"43-318 Bielsko-Biała",
"43-330 Wilamowice",
"43-331 Wilamowice",
"43-332 Wilamowice",
"43-340 Kozy",
"43-344 Bielsko-Biała",
"43-346 Bielsko-Biała",
"43-353 Porąbka",
"43-354 Porąbka",
"43-356 Porąbka",
"43-360 Wilkowice",
"43-365 Wilkowice",
"43-370 Szczyrk",
"43-374 Buczkowice",
"43-376 Buczkowice",
"43-378 Buczkowice",
"43-380 Bielsko-Biała",
"43-382 Bielsko-Biała",
"43-384 Jaworze",
"43-385 Jasienica",
"43-386 Jasienica",
"43-391 Jasienica",
"43-392 Jasienica",
"43-394 Jasienica",
"43-400 Cieszyn",
"43-410 Zebrzydowice",
"43-416 Hażlach",
"43-417 Zebrzydowice",
"43-418 Hażlach",
"43-419 Hażlach",
"43-424 Strumień",
"43-426 Dębowiec",
"43-430 Skoczów",
"43-436 Brenna",
"43-438 Brenna",
"43-440 Goleszów",
"43-445 Goleszów",
"43-450 Ustroń",
"43-460 Wisła",
"43-470 Istebna",
"43-474 Istebna",
"43-476 Istebna",
"43-502 Czechowice-Dziedzice",
"43-512 Bestwina",
"43-514 Bestwina",
"43-516 Czechowice-Dziedzice",
"43-518 Czechowice-Dziedzice",
"43-520 Chybie",
"43-523 Strumień",
"43-600 Jaworzno",
"43-602 Jaworzno",
"43-603 Jaworzno",
"43-607 Jaworzno",
"43-608 Jaworzno",
"44-100 Gliwice",
"44-102 Gliwice",
"44-103 Gliwice",
"44-105 Gliwice",
"44-109 Gliwice",
"44-113 Gliwice",
"44-114 Gliwice",
"44-117 Gliwice",
"44-119 Gliwice",
"44-120 Pyskowice",
"44-121 Gliwice",
"44-122 Gliwice",
"44-141 Gliwice",
"44-144 Pilchowice",
"44-145 Pilchowice",
"44-151 Gliwice",
"44-152 Gliwice",
"44-153 Sośnicowice",
"44-156 Sośnicowice",
"44-160 Rudziniec",
"44-164 Gliwice",
"44-171 Rudziniec",
"44-172 Rudziniec",
"44-177 Gierałtowice",
"44-178 Gierałtowice",
"44-180 Toszek",
"44-186 Gierałtowice",
"44-187 Wielowieś",
"44-189 Pilchowice",
"44-190 Knurów",
"44-193 Knurów",
"44-194 Knurów",
"44-196 Knurów",
"44-200 Rybnik",
"44-203 Rybnik",
"44-206 Rybnik",
"44-207 Rybnik",
"44-210 Rybnik",
"44-213 Rybnik",
"44-217 Rybnik",
"44-218 Rybnik",
"44-237 Czerwionka-Leszczyny",
"44-238 Czerwionka-Leszczyny",
"44-240 Żory",
"44-241 Żory",
"44-244 Żory",
"44-245 Żory",
"44-246 Czerwionka-Leszczyny",
"44-247 Żory",
"44-251 Rybnik",
"44-253 Rybnik",
"44-264 Świerklany",
"44-266 Świerklany",
"44-268 Jastrzębie-Zdrój",
"44-270 Rybnik",
"44-273 Rybnik",
"44-274 Rybnik",
"44-280 Rydułtowy",
"44-282 Gaszowice",
"44-284 Lyski",
"44-285 Kornowac",
"44-286 Wodzisław Śląski",
"44-290 Jejkowice",
"44-292 Rybnik",
"44-293 Gaszowice",
"44-295 Lyski",
"44-300 Wodzisław Śląski",
"44-307 Wodzisław Śląski",
"44-310 Radlin",
"44-313 Wodzisław Śląski",
"44-321 Marklowice",
"44-323 Mszana",
"44-325 Mszana",
"44-330 Jastrzębie-Zdrój",
"44-335 Jastrzębie-Zdrój",
"44-336 Jastrzębie-Zdrój",
"44-337 Jastrzębie-Zdrój",
"44-338 Jastrzębie-Zdrój",
"44-340 Godów",
"44-341 Godów",
"44-348 Godów",
"44-350 Gorzyce",
"44-351 Wodzisław Śląski",
"44-352 Gorzyce",
"44-353 Gorzyce",
"44-360 Lubomia",
"44-361 Lubomia",
"44-362 Gorzyce",
"44-370 Pszów",
"44-373 Wodzisław Śląski",
"45-001 Opole",
"46-020 Dobrzeń Wielki",
"46-021 Dobrzeń Wielki",
"46-022 Turawa",
"46-023 Turawa",
"46-024 Łubniany",
"46-030 Murów",
"46-034 Pokój",
"46-037 Popielów",
"46-040 Ozimek",
"46-042 Ozimek",
"46-043 Ozimek",
"46-045 Turawa",
"46-046 Turawa",
"46-048 Zębowice",
"46-050 Tarnów Opolski",
"46-053 Chrząstowice",
"46-060 Prószków",
"46-061 Prószków",
"46-070 Komprachcice",
"46-073 Dąbrowa",
"46-080 Dobrzeń Wielki",
"46-081 Dobrzeń Wielki",
"46-082 Dobrzeń Wielki",
"46-083 Popielów",
"46-090 Popielów",
"46-100 Namysłów",
"46-112 Świerczów",
"46-113 Wilków",
"46-115 Wilków",
"46-134 Namysłów",
"46-142 Namysłów",
"46-146 Domaszowice",
"46-166 Namysłów",
"46-200 Kluczbork",
"46-211 Kluczbork",
"46-220 Byczyna",
"46-233 Kluczbork",
"46-243 Kluczbork",
"46-250 Wołczyn",
"46-255 Wołczyn",
"46-262 Wołczyn",
"46-264 Wołczyn",
"46-275 Lasowice Wielkie",
"46-280 Lasowice Wielkie",
"46-282 Lasowice Wielkie",
"46-300 Olesno",
"46-310 Gorzów Śląski",
"46-312 Olesno",
"46-320 Praszka",
"46-324 Radłów",
"46-325 Rudniki",
"46-331 Radłów",
"46-333 Radłów",
"46-375 Dobrodzień",
"46-380 Dobrodzień",
"47-100 Strzelce Opolskie",
"47-113 Kolonowskie",
"47-120 Zawadzkie",
"47-126 Zawadzkie",
"47-133 Jemielnica",
"47-134 Kolonowskie",
"47-143 Ujazd",
"47-150 Leśnica",
"47-154 Leśnica",
"47-161 Strzelce Opolskie",
"47-171 Strzelce Opolskie",
"47-175 Strzelce Opolskie",
"47-180 Izbicko",
"47-200 Kędzierzyn-Koźle",
"47-205 Kędzierzyn-Koźle",
"47-206 Kędzierzyn-Koźle",
"47-208 Reńska Wieś",
"47-214 Reńska Wieś",
"47-220 Kędzierzyn-Koźle",
"47-223 Kędzierzyn-Koźle",
"47-224 Kędzierzyn-Koźle",
"47-225 Kędzierzyn-Koźle",
"47-230 Kędzierzyn-Koźle",
"47-232 Kędzierzyn-Koźle",
"47-240 Bierawa",
"47-244 Bierawa",
"47-246 Bierawa",
"47-253 Cisek",
"47-260 Polska Cerekiew",
"47-263 Cisek",
"47-270 Pawłowiczki",
"47-280 Pawłowiczki",
"47-300 Krapkowice",
"47-316 Gogolin",
"47-320 Gogolin",
"47-325 Gogolin",
"47-330 Zdzieszowice",
"47-341 Krapkowice",
"47-344 Walce",
"47-351 Krapkowice",
"47-364 Strzeleczki",
"47-370 Strzeleczki",
"47-400 Racibórz",
"47-411 Rudnik",
"47-415 Rudnik",
"47-417 Rudnik",
"47-420 Kuźnia Raciborska",
"47-430 Kuźnia Raciborska",
"47-435 Lyski",
"47-440 Nędza",
"47-442 Nędza",
"47-450 Krzyżanowice",
"47-451 Krzyżanowice",
"47-460 Krzyżanowice",
"47-470 Krzanowice",
"47-475 Pietrowice Wielkie",
"47-480 Pietrowice Wielkie",
"47-491 Pietrowice Wielkie",
"47-494 Pietrowice Wielkie",
"48-100 Głubczyce",
"48-118 Głubczyce",
"48-120 Baborów",
"48-130 Kietrz",
"48-133 Baborów",
"48-140 Branice",
"48-145 Głubczyce",
"48-155 Głubczyce",
"48-200 Prudnik",
"48-210 Biała",
"48-220 Biała",
"48-231 Lubrza",
"48-250 Głogówek",
"48-267 Głuchołazy",
"48-300 Nysa",
"48-303 Nysa",
"48-314 Pakosławice",
"48-315 Łambinowice",
"48-316 Łambinowice",
"48-317 Korfantów",
"48-320 Skoroszyce",
"48-321 Nysa",
"48-325 Korfantów",
"48-330 Głuchołazy",
"48-340 Głuchołazy",
"48-355 Głuchołazy",
"48-364 Otmuchów",
"48-370 Paczków",
"48-385 Otmuchów",
"48-387 Kamiennik",
"48-388 Kamiennik",
"49-100 Niemodlin",
"49-120 Dąbrowa",
"49-125 Lewin Brzeski",
"49-130 Tułowice",
"49-156 Niemodlin",
"49-200 Grodków",
"49-300 Brzeg",
"49-304 Brzeg",
"49-305 Brzeg",
"49-306 Brzeg",
"49-312 Lubsza",
"49-313 Lubsza",
"49-314 Lubsza",
"49-315 Lubsza",
"49-318 Skarbimierz",
"49-330 Lewin Brzeski",
"49-332 Olszanka",
"49-340 Lewin Brzeski",
"49-345 Lewin Brzeski",
"49-351 Olszanka",
"49-353 Skarbimierz",
"50-001 Wrocław",
"50-458 Siechnice",
"51-217 Długołęka",
"51-361 Długołęka",
"52-116 Siechnice",
"52-200 Żórawina",
"55-002 Czernica",
"55-003 Czernica",
"55-010 Siechnice",
"55-011 Siechnice",
"55-020 Żórawina",
"55-040 Kobierzyce",
"55-050 Sobótka",
"55-065 Jordanów Śląski",
"55-080 Kąty Wrocławskie",
"55-081 Mietków",
"55-093 Długołęka",
"55-095 Długołęka",
"55-100 Trzebnica",
"55-106 Zawonia",
"55-110 Prusice",
"55-114 Wisznia Mała",
"55-120 Oborniki Śląskie",
"55-140 Żmigród",
"55-200 Oława",
"55-216 Domaniów",
"55-220 Jelcz-Laskowice",
"55-300 Środa Śląska",
"55-311 Kostomłoty",
"55-320 Malczyce",
"55-330 Miękinia",
"55-340 Udanin",
"56-100 Wołów",
"56-120 Brzeg Dolny",
"56-160 Wińsko",
"56-200 Góra",
"56-209 Jemielno",
"56-210 Wąsosz",
"56-215 Niechlów",
"56-300 Milicz",
"56-320 Krośnice",
"56-321 Krośnice",
"56-330 Cieszków",
"56-400 Oleśnica",
"56-410 Dobroszyce",
"56-416 Twardogóra",
"56-420 Bierutów",
"56-500 Syców",
"56-504 Dziadowa Kłoda",
"56-513 Międzybórz",
"57-100 Strzelin",
"57-120 Wiązów",
"57-130 Przeworno",
"57-150 Kondratowice",
"57-160 Borów",
"57-200 Ząbkowice Śląskie",
"57-206 Ząbkowice Śląskie",
"57-208 Stoszowice",
"57-210 Ziębice",
"57-211 Ciepłowody",
"57-212 Ząbkowice Śląskie",
"57-213 Stoszowice",
"57-214 Stoszowice",
"57-215 Stoszowice",
"57-220 Ziębice",
"57-221 Ząbkowice Śląskie",
"57-222 Ziębice",
"57-223 Ziębice",
"57-224 Ziębice",
"57-230 Kamieniec Ząbkowicki",
"57-240 Kamieniec Ząbkowicki",
"57-241 Kamieniec Ząbkowicki",
"57-242 Kamieniec Ząbkowicki",
"57-250 Złoty Stok",
"57-251 Złoty Stok",
"57-255 Bardo",
"57-256 Bardo",
"57-257 Bardo",
"57-300 Kłodzko",
"57-312 Kłodzko",
"57-313 Kłodzko",
"57-314 Kłodzko",
"57-315 Kłodzko",
"57-320 Polanica-Zdrój",
"57-322 Szczytna",
"57-330 Szczytna",
"57-340 Duszniki-Zdrój",
"57-343 Lewin Kłodzki",
"57-350 Kudowa-Zdrój",
"57-360 Kłodzko",
"57-361 Kłodzko",
"57-362 Kłodzko",
"57-400 Nowa Ruda",
"57-401 Nowa Ruda",
"57-402 Nowa Ruda",
"57-408 Radków",
"57-409 Radków",
"57-410 Radków",
"57-411 Radków",
"57-420 Radków",
"57-430 Nowa Ruda",
"57-431 Nowa Ruda",
"57-432 Nowa Ruda",
"57-441 Nowa Ruda",
"57-442 Kłodzko",
"57-450 Nowa Ruda",
"57-451 Nowa Ruda",
"57-500 Bystrzyca Kłodzka",
"57-511 Bystrzyca Kłodzka",
"57-512 Bystrzyca Kłodzka",
"57-513 Bystrzyca Kłodzka",
"57-514 Bystrzyca Kłodzka",
"57-515 Międzylesie",
"57-516 Bystrzyca Kłodzka",
"57-517 Bystrzyca Kłodzka",
"57-520 Bystrzyca Kłodzka",
"57-521 Bystrzyca Kłodzka",
"57-522 Międzylesie",
"57-530 Międzylesie",
"57-540 Lądek-Zdrój",
"57-541 Lądek-Zdrój",
"57-550 Stronie Śląskie",
"58-100 Świdnica",
"58-105 Świdnica",
"58-111 Marcinowice",
"58-112 Świdnica",
"58-113 Świdnica",
"58-114 Świdnica",
"58-115 Jaworzyna Śląska",
"58-116 Dzierżoniów",
"58-120 Strzegom",
"58-121 Żarów",
"58-123 Marcinowice",
"58-124 Marcinowice",
"58-125 Świdnica",
"58-130 Żarów",
"58-140 Jaworzyna Śląska",
"58-141 Strzegom",
"58-150 Strzegom",
"58-152 Strzegom",
"58-160 Świebodzice",
"58-170 Dobromierz",
"58-172 Dobromierz",
"58-173 Dobromierz",
"58-200 Dzierżoniów",
"58-207 Dzierżoniów",
"58-210 Łagiewniki",
"58-211 Dzierżoniów",
"58-212 Łagiewniki",
"58-214 Łagiewniki",
"58-217 Dzierżoniów",
"58-230 Niemcza",
"58-231 Niemcza",
"58-240 Piława Górna",
"58-241 Dzierżoniów",
"58-250 Pieszyce",
"58-260 Bielawa",
"58-262 Dzierżoniów",
"58-300 Wałbrzych",
"58-301 Wałbrzych",
"58-302 Wałbrzych",
"58-303 Wałbrzych",
"58-304 Wałbrzych",
"58-305 Wałbrzych",
"58-306 Wałbrzych",
"58-307 Wałbrzych",
"58-308 Wałbrzych",
"58-309 Wałbrzych",
"58-310 Szczawno-Zdrój",
"58-311 Stare Bogaczowice",
"58-312 Stare Bogaczowice",
"58-316 Wałbrzych",
"58-320 Walim",
"58-321 Walim",
"58-330 Jedlina-Zdrój",
"58-340 Głuszyca",
"58-350 Mieroszów",
"58-351 Mieroszów",
"58-352 Mieroszów",
"58-370 Boguszów-Gorce",
"58-371 Boguszów-Gorce",
"58-372 Boguszów-Gorce",
"58-373 Czarny Bór",
"58-379 Czarny Bór",
"58-400 Kamienna Góra",
"58-405 Kamienna Góra",
"58-407 Lubawka",
"58-410 Marciszów",
"58-411 Marciszów",
"58-420 Lubawka",
"58-422 Lubawka",
"58-424 Kamienna Góra",
"58-425 Kamienna Góra",
"58-500 Jelenia Góra",
"58-506 Jelenia Góra",
"58-512 Stara Kamienica",
"58-513 Jeżów Sudecki",
"58-520 Janowice Wielkie",
"58-521 Jeżów Sudecki",
"58-522 Jeżów Sudecki",
"58-530 Kowary",
"58-531 Mysłakowice",
"58-532 Mysłakowice",
"58-533 Mysłakowice",
"58-534 Podgórzyn",
"58-535 Podgórzyn",
"58-540 Karpacz",
"58-560 Jelenia Góra",
"58-562 Podgórzyn",
"58-563 Podgórzyn",
"58-564 Podgórzyn",
"58-570 Jelenia Góra",
"58-580 Szklarska Poręba",
"59-100 Polkowice",
"59-101 Polkowice",
"59-140 Chocianów",
"59-145 Chocianów",
"59-147 Chocianów",
"59-150 Grębocice",
"59-160 Radwanice",
"59-170 Przemków",
"59-180 Gaworzyce",
"59-216 Kunice",
"59-220 Legnica",
"59-222 Miłkowice",
"59-223 Krotoszyce",
"59-225 Chojnów",
"59-226 Chojnów",
"59-227 Chojnów",
"59-230 Prochowice",
"59-241 Legnickie Pole",
"59-243 Ruja",
"59-300 Lubin",
"59-305 Rudna",
"59-307 Lubin",
"59-311 Lubin",
"59-323 Lubin",
"59-330 Ścinawa",
"59-335 Lubin",
"59-340 Rudna",
"59-400 Jawor",
"59-406 Mściwojów",
"59-407 Mściwojów",
"59-411 Paszowice",
"59-420 Bolków",
"59-421 Bolków",
"59-424 Męcinka",
"59-430 Wądroże Wielkie",
"59-431 Wądroże Wielkie",
"59-500 Złotoryja",
"59-511 Złotoryja",
"59-512 Zagrodno",
"59-513 Złotoryja",
"59-516 Zagrodno",
"59-517 Zagrodno",
"59-524 Pielgrzymka",
"59-525 Pielgrzymka",
"59-540 Świerzawa",
"59-550 Wojcieszów",
"59-600 Lwówek Śląski",
"59-610 Wleń",
"59-620 Gryfów Śląski",
"59-623 Lubomierz",
"59-630 Mirsk",
"59-700 Bolesławiec",
"59-706 Gromadka",
"59-707 Bolesławiec",
"59-708 Warta Bolesławiecka",
"59-720 Warta Bolesławiecka",
"59-723 Osiecznica",
"59-724 Osiecznica",
"59-725 Osiecznica",
"59-726 Osiecznica",
"59-730 Nowogrodziec",
"59-800 Lubań",
"59-811 Olszyna",
"59-814 Leśna",
"59-816 Platerówka",
"59-818 Siekierczyn",
"59-820 Leśna",
"59-830 Olszyna",
"59-850 Świeradów-Zdrój",
"59-900 Zgorzelec",
"59-914 Zgorzelec",
"59-915 Bogatynia",
"59-916 Bogatynia",
"59-920 Bogatynia",
"59-921 Bogatynia",
"59-930 Pieńsk",
"59-940 Węgliniec",
"59-941 Węgliniec",
"59-942 Węgliniec",
"59-950 Węgliniec",
"59-970 Zawidów",
"59-975 Sulików",
"60-001 Poznań",
"61-160 Mosina",
"62-001 Suchy Las",
"62-002 Suchy Las",
"62-003 Suchy Las",
"62-004 Czerwonak",
"62-005 Czerwonak",
"62-006 Swarzędz",
"62-007 Pobiedziska",
"62-010 Pobiedziska",
"62-020 Swarzędz",
"62-021 Swarzędz",
"62-022 Mosina",
"62-023 Kórnik",
"62-024 Kostrzyn",
"62-025 Kostrzyn",
"62-028 Czerwonak",
"62-030 Luboń",
"62-040 Puszczykowo",
"62-045 Pniewy",
"62-050 Mosina",
"62-051 Komorniki",
"62-052 Komorniki",
"62-053 Mosina",
"62-060 Stęszew",
"62-061 Mosina",
"62-062 Stęszew",
"62-063 Stęszew",
"62-064 Komorniki",
"62-065 Grodzisk Wielkopolski",
"62-066 Granowo",
"62-068 Rakoniewice",
"62-069 Dopiewo",
"62-070 Dopiewo",
"62-071 Rakoniewice",
"62-072 Stęszew",
"62-073 Rakoniewice",
"62-080 Tarnowo Podgórne",
"62-081 Tarnowo Podgórne",
"62-085 Skoki",
"62-090 Rokietnica",
"62-093 Skoki",
"62-095 Murowana Goślina",
"62-097 Murowana Goślina",
"62-100 Wągrowiec",
"62-104 Wągrowiec",
"62-105 Wągrowiec",
"62-106 Wągrowiec",
"62-107 Damasławek",
"62-110 Damasławek",
"62-112 Wągrowiec",
"62-113 Wągrowiec",
"62-120 Wapno",
"62-121 Gołańcz",
"62-130 Gołańcz",
"62-131 Gołańcz",
"62-132 Gołańcz",
"62-200 Gniezno",
"62-211 Gniezno",
"62-212 Mieleszyn",
"62-213 Mieleszyn",
"62-214 Gniezno",
"62-215 Witkowo",
"62-220 Niechanowo",
"62-230 Witkowo",
"62-235 Trzemeszno",
"62-237 Trzemeszno",
"62-238 Trzemeszno",
"62-240 Trzemeszno",
"62-241 Czerniejewo",
"62-242 Niechanowo",
"62-250 Czerniejewo",
"62-260 Łubowo",
"62-261 Łubowo",
"62-262 Łubowo",
"62-265 Kiszkowo",
"62-270 Kłecko",
"62-271 Kłecko",
"62-272 Kiszkowo",
"62-280 Kiszkowo",
"62-285 Mieścisko",
"62-290 Mieścisko",
"62-291 Mieścisko",
"62-292 Mieścisko",
"62-300 Września",
"62-301 Września",
"62-302 Września",
"62-303 Września",
"62-304 Września",
"62-305 Kołaczkowo",
"62-306 Kołaczkowo",
"62-307 Kołaczkowo",
"62-308 Nekla",
"62-309 Września",
"62-310 Pyzdry",
"62-311 Pyzdry",
"62-312 Pyzdry",
"62-320 Miłosław",
"62-321 Miłosław",
"62-322 Miłosław",
"62-323 Września",
"62-330 Nekla",
"62-400 Słupca",
"62-402 Ostrowite",
"62-404 Lądek",
"62-405 Lądek",
"62-406 Lądek",
"62-410 Zagórów",
"62-420 Strzałkowo",
"62-430 Powidz",
"62-436 Orchowo",
"62-500 Konin",
"62-504 Stare Miasto",
"62-506 Ślesin",
"62-510 Kramsk",
"62-511 Kramsk",
"62-513 Krzymów",
"62-530 Kazimierz Biskupi",
"62-540 Kleczew",
"62-541 Kleczew",
"62-543 Kazimierz Biskupi",
"62-550 Wilczyn",
"62-560 Skulsk",
"62-561 Ślesin",
"62-563 Ślesin",
"62-570 Rychwał",
"62-571 Stare Miasto",
"62-573 Rychwał",
"62-574 Rychwał",
"62-580 Grodziec",
"62-585 Rzgów",
"62-586 Rzgów",
"62-590 Golina",
"62-600 Koło",
"62-604 Kościelec",
"62-610 Sompolno",
"62-613 Osiek Mały",
"62-618 Wierzbinek",
"62-619 Wierzbinek",
"62-620 Babiak",
"62-621 Babiak",
"62-635 Przedecz",
"62-640 Grzegorzew",
"62-641 Olszówka",
"62-650 Kłodawa",
"62-652 Chodów",
"62-660 Dąbie",
"62-700 Turek",
"62-704 Kawęczyn",
"62-709 Malanów",
"62-710 Władysławów",
"62-720 Brudzew",
"62-730 Dobra",
"62-731 Przykona",
"62-740 Tuliszków",
"62-800 Kalisz",
"62-811 Gołuchów",
"62-812 Blizanów",
"62-814 Blizanów",
"62-817 Żelazków",
"62-820 Stawiszyn",
"62-830 Stawiszyn",
"62-831 Mycielin",
"62-834 Ceków-Kolonia",
"62-840 Koźminek",
"62-850 Lisków",
"62-860 Opatówek",
"62-862 Szczytniki",
"62-865 Szczytniki",
"62-872 Godziesze Wielkie",
"62-874 Brzeziny",
"63-000 Środa Wielkopolska",
"63-004 Kleszczewo",
"63-005 Kleszczewo",
"63-006 Kleszczewo",
"63-011 Środa Wielkopolska",
"63-012 Dominowo",
"63-013 Środa Wielkopolska",
"63-014 Dominowo",
"63-020 Zaniemyśl",
"63-021 Zaniemyśl",
"63-022 Środa Wielkopolska",
"63-023 Krzykosy",
"63-024 Krzykosy",
"63-025 Krzykosy",
"63-035 Kórnik",
"63-040 Nowe Miasto nad Wartą",
"63-041 Nowe Miasto nad Wartą",
"63-100 Śrem",
"63-112 Brodnica",
"63-130 Książ Wielkopolski",
"63-140 Dolsk",
"63-200 Jarocin",
"63-210 Żerków",
"63-220 Kotlin",
"63-230 Jarocin",
"63-233 Jaraczewo",
"63-300 Pleszew",
"63-304 Czermin",
"63-308 Gizałki",
"63-313 Chocz",
"63-322 Gołuchów",
"63-330 Dobrzyca",
"63-400 Ostrów Wielkopolski",
"63-405 Sieroszewice",
"63-410 Ostrów Wielkopolski",
"63-421 Przygodzice",
"63-430 Odolanów",
"63-435 Sośnie",
"63-437 Sośnie",
"63-440 Raszków",
"63-450 Ostrów Wielkopolski",
"63-460 Nowe Skalmierzyce",
"63-500 Ostrzeszów",
"63-505 Doruchów",
"63-507 Kobyla Góra",
"63-508 Kobyla Góra",
"63-510 Mikstat",
"63-520 Grabów nad Prosną",
"63-522 Kraszewice",
"63-524 Czajków",
"63-600 Kępno",
"63-604 Baranów",
"63-611 Baranów",
"63-620 Trzcinica",
"63-630 Rychtal",
"63-640 Bralin",
"63-642 Perzów",
"63-645 Łęka Opatowska",
"63-648 Baranów",
"63-700 Krotoszyn",
"63-703 Krotoszyn",
"63-704 Krotoszyn",
"63-707 Koźmin Wielkopolski",
"63-708 Rozdrażew",
"63-714 Krotoszyn",
"63-716 Krotoszyn",
"63-720 Koźmin Wielkopolski",
"63-721 Koźmin Wielkopolski",
"63-740 Kobylin",
"63-745 Krotoszyn",
"63-750 Sulmierzyce",
"63-760 Zduny",
"63-800 Gostyń",
"63-805 Poniec",
"63-810 Borek Wielkopolski",
"63-820 Piaski",
"63-830 Pępowo",
"63-831 Pępowo",
"63-840 Krobia",
"63-842 Krobia",
"63-860 Pogorzela",
"63-900 Rawicz",
"63-904 Rawicz",
"63-910 Miejska Górka",
"63-911 Rawicz",
"63-913 Miejska Górka",
"63-920 Pakosław",
"63-921 Pakosław",
"63-930 Jutrosin",
"63-940 Bojanowo",
"64-000 Kościan",
"64-005 Kościan",
"64-010 Krzywiń",
"64-020 Czempiń",
"64-030 Śmigiel",
"64-032 Wielichowo",
"64-035 Śmigiel",
"64-050 Wielichowo",
"64-060 Kamieniec",
"64-061 Kamieniec",
"64-067 Oborniki",
"64-100 Święciechowa",
"64-111 Lipno",
"64-113 Osieczna",
"64-115 Święciechowa",
"64-117 Włoszakowice",
"64-120 Krzemieniewo",
"64-122 Krzemieniewo",
"64-125 Poniec",
"64-130 Rydzyna",
"64-140 Włoszakowice",
"64-150 Wijewo",
"64-200 Wolsztyn",
"64-211 Wolsztyn",
"64-212 Siedlec",
"64-214 Siedlec",
"64-223 Wolsztyn",
"64-224 Wolsztyn",
"64-225 Siedlec",
"64-231 Siedlec",
"64-232 Siedlec",
"64-234 Przemęt",
"64-300 Nowy Tomyśl",
"64-304 Nowy Tomyśl",
"64-305 Miedzichowo",
"64-306 Nowy Tomyśl",
"64-308 Rakoniewice",
"64-311 Lwówek",
"64-312 Lwówek",
"64-314 Kuślin",
"64-315 Kuślin",
"64-316 Kuślin",
"64-320 Buk",
"64-330 Opalenica",
"64-331 Buk",
"64-333 Nowy Tomyśl",
"64-334 Nowy Tomyśl",
"64-335 Zbąszyń",
"64-360 Zbąszyń",
"64-361 Miedzichowo",
"64-400 Międzychód",
"64-410 Sieraków",
"64-412 Chrzypsko Wielkie",
"64-420 Kwilcz",
"64-421 Międzychód",
"64-423 Kwilcz",
"64-426 Międzychód",
"64-427 Międzychód",
"64-500 Szamotuły",
"64-510 Wronki",
"64-512 Wronki",
"64-513 Wronki",
"64-514 Szamotuły",
"64-520 Obrzycko",
"64-530 Kaźmierz",
"64-531 Pniewy",
"64-541 Duszniki",
"64-542 Kaźmierz",
"64-550 Duszniki",
"64-551 Szamotuły",
"64-552 Duszniki",
"64-553 Duszniki",
"64-560 Ostroróg",
"64-561 Pniewy",
"64-600 Oborniki",
"64-603 Ryczywół",
"64-604 Murowana Goślina",
"64-605 Oborniki",
"64-606 Oborniki",
"64-607 Oborniki",
"64-608 Rogoźno",
"64-610 Rogoźno",
"64-611 Rogoźno",
"64-612 Rogoźno",
"64-630 Ryczywół",
"64-700 Czarnków",
"64-704 Czarnków",
"64-705 Czarnków",
"64-706 Ujście",
"64-707 Czarnków",
"64-708 Czarnków",
"64-710 Połajewo",
"64-711 Połajewo",
"64-712 Połajewo",
"64-713 Czarnków",
"64-720 Lubasz",
"64-721 Lubasz",
"64-723 Wieleń",
"64-729 Wieleń",
"64-730 Wieleń",
"64-731 Drawsko",
"64-733 Drawsko",
"64-734 Drawsko",
"64-735 Wieleń",
"64-761 Krzyż Wielkopolski",
"64-763 Krzyż Wielkopolski",
"64-800 Chodzież",
"64-810 Kaczory",
"64-811 Kaczory",
"64-812 Kaczory",
"64-813 Chodzież",
"64-814 Szamocin",
"64-815 Szamocin",
"64-820 Szamocin",
"64-830 Margonin",
"64-831 Margonin",
"64-832 Margonin",
"64-834 Budzyń",
"64-840 Budzyń",
"64-841 Budzyń",
"64-843 Kaczory",
"64-850 Ujście",
"64-903 Trzcianka",
"64-904 Trzcianka",
"64-905 Trzcianka",
"64-910 Trzcianka",
"64-915 Jastrowie",
"64-917 Krajenka",
"64-918 Okonek",
"64-919 Okonek",
"64-920 Piła",
"64-930 Szydłowo",
"64-932 Szydłowo",
"64-962 Jastrowie",
"64-965 Okonek",
"64-980 Trzcianka",
"65-001 Zielona Góra",
"66-001 Zielona Góra",
"66-002 Zielona Góra",
"66-003 Zabór",
"66-004 Zielona Góra",
"66-006 Zielona Góra",
"66-007 Nowogród Bobrzański",
"66-008 Świdnica",
"66-010 Nowogród Bobrzański",
"66-014 Świdnica",
"66-015 Zielona Góra",
"66-016 Czerwieńsk",
"66-019 Cybinka",
"66-022 Bytnica",
"66-100 Sulechów",
"66-105 Sulechów",
"66-110 Babimost",
"66-111 Sulechów",
"66-112 Czerwieńsk",
"66-120 Kargowa",
"66-130 Bojadła",
"66-131 Sulechów",
"66-132 Trzebiechów",
"66-133 Bojadła",
"66-200 Świebodzin",
"66-203 Świebodzin",
"66-210 Zbąszynek",
"66-211 Skąpe",
"66-213 Skąpe",
"66-218 Lubrza",
"66-220 Łagów",
"66-223 Łagów",
"66-225 Szczaniec",
"66-233 Łagów",
"66-234 Torzym",
"66-235 Torzym",
"66-300 Międzyrzecz",
"66-304 Trzciel",
"66-305 Międzyrzecz",
"66-306 Międzyrzecz",
"66-307 Bledzew",
"66-313 Międzyrzecz",
"66-320 Trzciel",
"66-330 Pszczew",
"66-340 Przytoczna",
"66-341 Przytoczna",
"66-342 Przytoczna",
"66-343 Przytoczna",
"66-350 Bledzew",
"66-400 Gorzów Wielkopolski",
"66-415 Kłodawa",
"66-416 Kłodawa",
"66-425 Deszczno",
"66-428 Lubiszyn",
"66-429 Lubiszyn",
"66-431 Santok",
"66-432 Lubiszyn",
"66-433 Lubiszyn",
"66-434 Górzyca",
"66-435 Krzeszyce",
"66-436 Słońsk",
"66-437 Słońsk",
"66-440 Skwierzyna",
"66-441 Skwierzyna",
"66-443 Skwierzyna",
"66-445 Skwierzyna",
"66-446 Deszczno",
"66-450 Bogdaniec",
"66-451 Witnica",
"66-460 Witnica",
"66-470 Kostrzyn nad Odrą",
"66-500 Strzelce Krajeńskie",
"66-505 Zwierzyn",
"66-510 Strzelce Krajeńskie",
"66-520 Dobiegniew",
"66-522 Dobiegniew",
"66-530 Drezdenko",
"66-535 Drezdenko",
"66-540 Stare Kurowo",
"66-542 Zwierzyn",
"66-543 Zwierzyn",
"66-544 Santok",
"66-551 Drezdenko",
"66-600 Krosno Odrzańskie",
"66-614 Maszewo",
"66-615 Dąbie",
"66-620 Gubin",
"66-626 Bobrowice",
"66-627 Bobrowice",
"66-629 Gubin",
"66-630 Bytnica",
"66-633 Gubin",
"67-100 Nowa Sól",
"67-106 Otyń",
"67-108 Nowa Sól",
"67-112 Siedlisko",
"67-115 Bytom Odrzański",
"67-120 Kożuchów",
"67-124 Nowe Miasteczko",
"67-125 Nowe Miasteczko",
"67-128 Kożuchów",
"67-130 Szprotawa",
"67-200 Głogów",
"67-210 Głogów",
"67-211 Kotla",
"67-221 Pęcław",
"67-222 Jerzmanowa",
"67-231 Żukowice",
"67-232 Żukowice",
"67-240 Kotla",
"67-300 Szprotawa",
"67-312 Niegosławice",
"67-320 Małomice",
"67-321 Szprotawa",
"67-400 Wschowa",
"67-407 Szlichtyngowa",
"67-410 Sława",
"67-415 Kolsko",
"67-416 Kolsko",
"68-100 Żagań",
"68-111 Żagań",
"68-113 Brzeźnica",
"68-114 Żagań",
"68-120 Iłowa",
"68-121 Iłowa",
"68-130 Gozdnica",
"68-131 Wymiarki",
"68-132 Przewóz",
"68-200 Żary",
"68-206 Żary",
"68-208 Łęknica",
"68-210 Trzebiel",
"68-212 Trzebiel",
"68-213 Lipinki Łużyckie",
"68-219 Tuplice",
"68-300 Lubsko",
"68-320 Jasień",
"68-343 Brody",
"69-100 Słubice",
"69-108 Cybinka",
"69-110 Rzepin",
"69-113 Górzyca",
"69-121 Cybinka",
"69-200 Sulęcin",
"69-210 Lubniewice",
"69-213 Sulęcin",
"69-214 Ośno Lubuskie",
"69-220 Ośno Lubuskie",
"70-001 Szczecin",
"70-815 Goleniów",
"70-895 Goleniów",
"72-001 Kołbaskowo",
"72-002 Dobra (Szczecińska)",
"72-003 Dobra (Szczecińska)",
"72-004 Police",
"72-005 Kołbaskowo",
"72-006 Dobra (Szczecińska)",
"72-010 Police",
"72-015 Police",
"72-020 Police",
"72-022 Nowe Warpno",
"72-100 Goleniów",
"72-105 Goleniów",
"72-110 Przybiernów",
"72-111 Stepnica",
"72-112 Stepnica",
"72-113 Goleniów",
"72-121 Przybiernów",
"72-122 Przybiernów",
"72-123 Goleniów",
"72-130 Maszewo",
"72-131 Goleniów",
"72-132 Goleniów",
"72-200 Nowogard",
"72-204 Nowogard",
"72-205 Nowogard",
"72-207 Nowogard",
"72-209 Nowogard",
"72-210 Dobra",
"72-211 Dobra",
"72-212 Maszewo",
"72-220 Nowogard",
"72-221 Osina",
"72-300 Gryfice",
"72-304 Brojce",
"72-306 Gryfice",
"72-307 Gryfice",
"72-310 Płoty",
"72-311 Płoty",
"72-313 Gryfice",
"72-314 Radowo Małe",
"72-315 Resko",
"72-316 Radowo Małe",
"72-317 Resko",
"72-320 Trzebiatów",
"72-330 Trzebiatów",
"72-332 Trzebiatów",
"72-341 Gryfice",
"72-342 Karnice",
"72-343 Karnice",
"72-344 Rewal",
"72-346 Rewal",
"72-350 Trzebiatów",
"72-400 Kamień Pomorski",
"72-405 Świerzno",
"72-410 Golczewo",
"72-415 Dziwnów",
"72-420 Dziwnów",
"72-500 Międzyzdroje",
"72-510 Wolin",
"72-511 Wolin",
"72-513 Wolin",
"72-514 Wolin",
"72-518 Wolin",
"72-600 Świnoujście",
"72-602 Świnoujście",
"72-603 Świnoujście",
"72-605 Świnoujście",
"73-102 Stargard",
"73-108 Kobylanka",
"73-109 Stargard",
"73-110 Stargard",
"73-112 Stara Dąbrowa",
"73-113 Stara Dąbrowa",
"73-115 Dolice",
"73-116 Dolice",
"73-120 Chociwel",
"73-121 Marianowo",
"73-130 Dobrzany",
"73-131 Stargard",
"73-132 Suchań",
"73-134 Stargard",
"73-140 Ińsko",
"73-150 Łobez",
"73-151 Węgorzyno",
"73-152 Węgorzyno",
"73-153 Łobez",
"73-154 Łobez",
"73-155 Węgorzyno",
"73-200 Choszczno",
"73-210 Recz",
"73-220 Drawno",
"73-222 Choszczno",
"73-231 Krzęcin",
"73-234 Bierzwnik",
"73-236 Pełczyce",
"73-240 Bierzwnik",
"73-260 Pełczyce",
"73-261 Pełczyce",
"74-100 Gryfino",
"74-105 Gryfino",
"74-106 Stare Czarnowo",
"74-107 Gryfino",
"74-110 Banie",
"74-111 Banie",
"74-120 Widuchowa",
"74-121 Widuchowa",
"74-200 Pyrzyce",
"74-201 Warnice",
"74-202 Bielice",
"74-204 Kozielice",
"74-205 Kozielice",
"74-210 Przelewice",
"74-211 Pyrzyce",
"74-230 Lipiany",
"74-240 Lipiany",
"74-300 Myślibórz",
"74-304 Nowogródek Pomorski",
"74-305 Nowogródek Pomorski",
"74-311 Dębno",
"74-312 Myślibórz",
"74-320 Barlinek",
"74-322 Barlinek",
"74-400 Dębno",
"74-404 Dębno",
"74-405 Dębno",
"74-406 Boleszkowice",
"74-407 Boleszkowice",
"74-500 Chojna",
"74-503 Moryń",
"74-505 Mieszkowice",
"74-506 Chojna",
"74-510 Trzcińsko-Zdrój",
"75-001 Koszalin",
"75-202 Będzino",
"75-640 Sianów",
"75-900 Manowo",
"76-002 Mielno",
"76-003 Sianów",
"76-004 Sianów",
"76-006 Polanów",
"76-009 Manowo",
"76-010 Polanów",
"76-012 Polanów",
"76-015 Manowo",
"76-020 Bobolice",
"76-021 Bobolice",
"76-022 Świeszyno",
"76-023 Świeszyno",
"76-024 Świeszyno",
"76-031 Będzino",
"76-032 Mielno",
"76-034 Mielno",
"76-035 Będzino",
"76-037 Będzino",
"76-038 Będzino",
"76-039 Biesiekierz",
"76-042 Manowo",
"76-066 Polanów",
"76-100 Sławno",
"76-104 Darłowo",
"76-106 Postomino",
"76-107 Postomino",
"76-113 Postomino",
"76-122 Sławno",
"76-123 Sławno",
"76-124 Sławno",
"76-125 Polanów",
"76-129 Malechowo",
"76-141 Malechowo",
"76-142 Malechowo",
"76-144 Malechowo",
"76-150 Darłowo",
"76-156 Darłowo",
"76-200 Słupsk",
"76-211 Ustka",
"76-212 Ustka",
"76-213 Smołdzino",
"76-214 Smołdzino",
"76-219 Słupsk",
"76-220 Główczyce",
"76-230 Potęgowo",
"76-231 Damnica",
"76-245 Słupsk",
"76-248 Dębnica Kaszubska",
"76-251 Kobylnica",
"76-270 Ustka",
"77-100 Bytów",
"77-114 Bytów",
"77-115 Czarna Dąbrówka",
"77-116 Czarna Dąbrówka",
"77-121 Bytów",
"77-124 Parchowo",
"77-125 Studzienice",
"77-127 Parchowo",
"77-130 Lipnica",
"77-131 Bytów",
"77-132 Bytów",
"77-133 Tuchomie",
"77-134 Tuchomie",
"77-135 Tuchomie",
"77-138 Lipnica",
"77-139 Lipnica",
"77-140 Kołczygłowy",
"77-141 Borzytuchom",
"77-142 Studzienice",
"77-143 Studzienice",
"77-200 Miastko",
"77-203 Trzebielino",
"77-205 Miastko",
"77-207 Miastko",
"77-208 Koczała",
"77-211 Miastko",
"77-220 Koczała",
"77-222 Miastko",
"77-223 Kępice",
"77-230 Kępice",
"77-231 Kępice",
"77-233 Trzebielino",
"77-235 Trzebielino",
"77-300 Człuchów",
"77-304 Rzeczenica",
"77-306 Rzeczenica",
"77-310 Debrzno",
"77-320 Przechlewo",
"77-324 Czarne",
"77-326 Czarne",
"77-330 Czarne",
"77-400 Złotów",
"77-404 Złotów",
"77-405 Złotów",
"77-411 Zakrzewo",
"77-413 Zakrzewo",
"77-414 Złotów",
"77-415 Złotów",
"77-416 Tarnówka",
"77-420 Lipka",
"77-424 Zakrzewo",
"77-430 Krajenka",
"78-100 Kołobrzeg",
"78-111 Ustronie Morskie",
"78-112 Kołobrzeg",
"78-113 Dygowo",
"78-114 Dygowo",
"78-120 Gościno",
"78-122 Kołobrzeg",
"78-123 Siemyśl",
"78-124 Rymań",
"78-125 Rymań",
"78-131 Kołobrzeg",
"78-132 Kołobrzeg",
"78-133 Kołobrzeg",
"78-200 Białogard",
"78-211 Białogard",
"78-214 Tychowo",
"78-217 Białogard",
"78-220 Tychowo",
"78-230 Karlino",
"78-300 Świdwin",
"78-311 Świdwin",
"78-312 Świdwin",
"78-314 Sławoborze",
"78-316 Brzeżno",
"78-320 Połczyn-Zdrój",
"78-321 Połczyn-Zdrój",
"78-324 Świdwin",
"78-327 Połczyn-Zdrój",
"78-331 Rąbino",
"78-334 Rąbino",
"78-400 Szczecinek",
"78-411 Szczecinek",
"78-421 Biały Bór",
"78-422 Szczecinek",
"78-423 Szczecinek",
"78-425 Biały Bór",
"78-426 Biały Bór",
"78-444 Barwice",
"78-445 Borne Sulinowo",
"78-446 Borne Sulinowo",
"78-449 Borne Sulinowo",
"78-450 Grzmiąca",
"78-451 Grzmiąca",
"78-452 Barwice",
"78-460 Barwice",
"78-461 Barwice",
"78-500 Drawsko Pomorskie",
"78-504 Drawsko Pomorskie",
"78-506 Ostrowice",
"78-513 Drawsko Pomorskie",
"78-520 Złocieniec",
"78-523 Ostrowice",
"78-530 Wierzchowo",
"78-531 Wierzchowo",
"78-540 Kalisz Pomorski",
"78-550 Czaplinek",
"78-551 Czaplinek",
"78-552 Czaplinek",
"78-553 Czaplinek",
"78-600 Wałcz",
"78-607 Wałcz",
"78-609 Wałcz",
"78-611 Wałcz",
"78-627 Wałcz",
"78-630 Człopa",
"78-640 Tuczno",
"78-641 Tuczno",
"78-642 Wałcz",
"78-650 Mirosławiec",
"78-652 Mirosławiec",
"80-001 Gdańsk",
"80-209 Żukowo",
"80-297 Żukowo",
"81-000 Gdynia",
"81-198 Kosakowo",
"81-701 Sopot",
"82-100 Nowy Dwór Gdański",
"82-103 Stegna",
"82-110 Sztutowo",
"82-112 Ostaszewo",
"82-120 Krynica Morska",
"82-200 Malbork",
"82-213 Miłoradz",
"82-220 Stare Pole",
"82-224 Lichnowy",
"82-230 Nowy Staw",
"82-300 Elbląg",
"82-316 Milejewo",
"82-325 Markusy",
"82-335 Gronowo Elbląskie",
"82-340 Tolkmicko",
"82-400 Sztum",
"82-410 Stary Targ",
"82-420 Ryjewo",
"82-433 Mikołajki Pomorskie",
"82-440 Dzierzgoń",
"82-450 Stary Dzierzgoń",
"82-500 Kwidzyn",
"82-520 Gardeja",
"82-522 Sadlinki",
"82-550 Prabuty",
"83-000 Pruszcz Gdański",
"83-010 Pruszcz Gdański",
"83-011 Pruszcz Gdański",
"83-020 Cedry Wielkie",
"83-021 Pruszcz Gdański",
"83-022 Suchy Dąb",
"83-031 Pruszcz Gdański",
"83-032 Pszczółki",
"83-033 Trąbki Wielkie",
"83-034 Trąbki Wielkie",
"83-035 Trąbki Wielkie",
"83-041 Trąbki Wielkie",
"83-042 Trąbki Wielkie",
"83-047 Przywidz",
"83-050 Kolbudy",
"83-110 Tczew",
"83-111 Tczew",
"83-112 Tczew",
"83-113 Tczew",
"83-115 Tczew",
"83-120 Subkowy",
"83-121 Pelplin",
"83-122 Gniew",
"83-123 Gniew",
"83-130 Pelplin",
"83-132 Morzeszczyn",
"83-135 Gniew",
"83-136 Gniew",
"83-140 Gniew",
"83-200 Starogard Gdański",
"83-206 Zblewo",
"83-207 Starogard Gdański",
"83-208 Lubichowo",
"83-209 Skarszewy",
"83-210 Zblewo",
"83-211 Starogard Gdański",
"83-212 Bobowo",
"83-213 Skórcz",
"83-220 Skórcz",
"83-221 Osiek",
"83-224 Zblewo",
"83-225 Skórcz",
"83-226 Smętowo Graniczne",
"83-230 Smętowo Graniczne",
"83-236 Skarszewy",
"83-240 Lubichowo",
"83-242 Osieczna",
"83-243 Śliwice",
"83-250 Skarszewy",
"83-251 Zblewo",
"83-260 Kaliska",
"83-261 Kaliska",
"83-262 Czarna Woda",
"83-300 Kartuzy",
"83-304 Przodkowo",
"83-305 Przodkowo",
"83-307 Kartuzy",
"83-311 Somonino",
"83-312 Somonino",
"83-314 Somonino",
"83-315 Stężyca",
"83-316 Stężyca",
"83-320 Sulęczyno",
"83-321 Sulęczyno",
"83-322 Stężyca",
"83-323 Stężyca",
"83-324 Kartuzy",
"83-328 Kartuzy",
"83-329 Kartuzy",
"83-330 Żukowo",
"83-331 Żukowo",
"83-332 Kartuzy",
"83-333 Chmielno",
"83-334 Sierakowice",
"83-335 Chmielno",
"83-340 Sierakowice",
"83-341 Sierakowice",
"83-342 Sierakowice",
"83-400 Kościerzyna",
"83-403 Nowa Karczma",
"83-404 Nowa Karczma",
"83-405 Stara Kiszewa",
"83-406 Kościerzyna",
"83-407 Kościerzyna",
"83-412 Liniewo",
"83-420 Liniewo",
"83-421 Liniewo",
"83-422 Nowa Karczma",
"83-423 Kościerzyna",
"83-424 Lipusz",
"83-425 Dziemiany",
"83-430 Stara Kiszewa",
"83-431 Kościerzyna",
"83-432 Stara Kiszewa",
"83-433 Stara Kiszewa",
"83-440 Karsin",
"83-441 Karsin",
"83-442 Karsin",
"84-100 Puck",
"84-103 Puck",
"84-104 Władysławowo",
"84-105 Krokowa",
"84-106 Puck",
"84-107 Puck",
"84-110 Krokowa",
"84-113 Krokowa",
"84-120 Władysławowo",
"84-122 Puck",
"84-123 Puck",
"84-130 Jastarnia",
"84-140 Jastarnia",
"84-141 Jastarnia",
"84-150 Hel",
"84-200 Wejherowo",
"84-206 Wejherowo",
"84-207 Szemud",
"84-208 Szemud",
"84-210 Choczewo",
"84-213 Łęczyce",
"84-214 Łęczyce",
"84-215 Wejherowo",
"84-217 Szemud",
"84-218 Łęczyce",
"84-220 Łęczyce",
"84-222 Linia",
"84-223 Linia",
"84-230 Rumia",
"84-239 Wejherowo",
"84-240 Reda",
"84-241 Wejherowo",
"84-242 Luzino",
"84-250 Gniewino",
"84-251 Gniewino",
"84-252 Wejherowo",
"84-300 Lębork",
"84-311 Cewice",
"84-312 Cewice",
"84-313 Cewice",
"84-315 Cewice",
"84-342 Nowa Wieś Lęborska",
"84-350 Nowa Wieś Lęborska",
"84-351 Nowa Wieś Lęborska",
"84-352 Wicko",
"84-353 Nowa Wieś Lęborska",
"84-360 Łeba",
"85-001 Bydgoszcz",
"86-005 Białe Błota",
"86-010 Koronowo",
"86-013 Koronowo",
"86-014 Sicienko",
"86-017 Koronowo",
"86-020 Dobrcz",
"86-021 Osielsko",
"86-022 Dobrcz",
"86-031 Osielsko",
"86-032 Osielsko",
"86-050 Solec Kujawski",
"86-060 Nowa Wieś Wielka",
"86-061 Nowa Wieś Wielka",
"86-065 Białe Błota",
"86-070 Dąbrowa Chełmińska",
"86-100 Świecie",
"86-105 Świecie",
"86-111 Świecie",
"86-120 Pruszcz",
"86-122 Bukowiec",
"86-131 Jeżewo",
"86-134 Dragacz",
"86-140 Drzycim",
"86-141 Lniano",
"86-150 Osie",
"86-160 Warlubie",
"86-170 Nowe",
"86-182 Świekatowo",
"86-200 Chełmno",
"86-212 Stolno",
"86-221 Papowo Biskupie",
"86-230 Lisewo",
"86-253 Kijewo Królewskie",
"86-260 Unisław",
"86-300 Grudziądz",
"86-302 Grudziądz",
"86-318 Rogóźno",
"86-320 Łasin",
"86-330 Gruta",
"86-341 Świecie nad Osą",
"86-342 Świecie nad Osą",
"87-100 Toruń",
"87-103 Toruń",
"87-123 Obrowo",
"87-125 Obrowo",
"87-126 Obrowo",
"87-133 Zławieś Wielka",
"87-134 Zławieś Wielka",
"87-140 Chełmża",
"87-148 Łysomice",
"87-152 Łubianka",
"87-162 Lubicz",
"87-165 Wielka Nieszawka",
"87-200 Wąbrzeźno",
"87-207 Dębowa Łąka",
"87-213 Wąbrzeźno",
"87-214 Płużnica",
"87-220 Radzyń Chełmiński",
"87-222 Książki",
"87-300 Brodnica",
"87-301 Brodnica",
"87-305 Zbiczno",
"87-312 Zbiczno",
"87-313 Brzozie",
"87-320 Górzno",
"87-321 Bartniczka",
"87-322 Bartniczka",
"87-325 Bobrowo",
"87-326 Bobrowo",
"87-327 Bobrowo",
"87-330 Jabłonowo Pomorskie",
"87-335 Świedziebnia",
"87-337 Wąpielsk",
"87-340 Osiek",
"87-400 Golub-Dobrzyń",
"87-404 Radomin",
"87-408 Ciechocin",
"87-410 Kowalewo Pomorskie",
"87-423 Golub-Dobrzyń",
"87-500 Rypin",
"87-506 Skrwilno",
"87-510 Skrwilno",
"87-511 Skrwilno",
"87-512 Rypin",
"87-513 Rypin",
"87-514 Rogowo",
"87-515 Rogowo",
"87-516 Brzuze",
"87-517 Brzuze",
"87-521 Brzuze",
"87-522 Brzuze",
"87-600 Lipno",
"87-602 Chrostkowo",
"87-603 Wielgie",
"87-605 Tłuchowo",
"87-606 Dobrzyń nad Wisłą",
"87-607 Dobrzyń nad Wisłą",
"87-610 Dobrzyń nad Wisłą",
"87-611 Dobrzyń nad Wisłą",
"87-612 Wielgie",
"87-615 Lipno",
"87-617 Bobrowniki",
"87-618 Lipno",
"87-619 Kikół",
"87-620 Kikół",
"87-630 Skępe",
"87-632 Czernikowo",
"87-640 Czernikowo",
"87-645 Zbójno",
"87-700 Aleksandrów Kujawski",
"87-702 Koneck",
"87-704 Bądkowo",
"87-705 Zakrzewo",
"87-706 Zakrzewo",
"87-707 Zakrzewo",
"87-708 Koneck",
"87-710 Aleksandrów Kujawski",
"87-720 Raciążek",
"87-721 Raciążek",
"87-730 Nieszawa",
"87-731 Waganiec",
"87-732 Lubanie",
"87-800 Włocławek",
"87-811 Fabianki",
"87-815 Włocławek",
"87-820 Kowal",
"87-821 Baruchowo",
"87-830 Choceń",
"87-840 Lubień Kujawski",
"87-850 Choceń",
"87-851 Boniewo",
"87-853 Włocławek",
"87-860 Chodecz",
"87-865 Izbica Kujawska",
"87-866 Izbica Kujawska",
"87-875 Topólka",
"87-880 Brześć Kujawski",
"87-890 Lubraniec",
"88-100 Inowrocław",
"88-101 Inowrocław",
"88-110 Inowrocław",
"88-111 Rojewo",
"88-121 Kruszwica",
"88-133 Dąbrowa Biskupia",
"88-140 Gniewkowo",
"88-150 Kruszwica",
"88-160 Janikowo",
"88-170 Pakość",
"88-180 Złotniki Kujawskie",
"88-181 Inowrocław",
"88-190 Barcin",
"88-192 Barcin",
"88-200 Radziejów",
"88-210 Dobre",
"88-220 Osięciny",
"88-230 Piotrków Kujawski",
"88-231 Bytoń",
"88-234 Piotrków Kujawski",
"88-235 Piotrków Kujawski",
"88-237 Piotrków Kujawski",
"88-300 Mogilno",
"88-306 Dąbrowa",
"88-320 Strzelno",
"88-321 Mogilno",
"88-324 Jeziora Wielkie",
"88-330 Mogilno",
"88-342 Mogilno",
"88-400 Żnin",
"88-405 Żnin",
"88-410 Gąsawa",
"88-420 Rogowo",
"88-422 Rogowo",
"88-430 Janowiec Wielkopolski",
"89-100 Nakło nad Notecią",
"89-110 Sadki",
"89-115 Mrocza",
"89-120 Nakło nad Notecią",
"89-200 Szubin",
"89-210 Łabiszyn",
"89-240 Kcynia",
"89-300 Wyrzysk",
"89-310 Łobżenica",
"89-311 Wyrzysk",
"89-312 Łobżenica",
"89-320 Wysoka",
"89-321 Wysoka",
"89-333 Wyrzysk",
"89-334 Białośliwie",
"89-340 Białośliwie",
"89-350 Miasteczko Krajeńskie",
"89-400 Sępólno Krajeńskie",
"89-405 Sępólno Krajeńskie",
"89-410 Więcbork",
"89-412 Sośno",
"89-413 Sośno",
"89-422 Więcbork",
"89-430 Kamień Krajeński",
"89-500 Tuchola",
"89-502 Tuchola",
"89-504 Tuchola",
"89-505 Cekcyn",
"89-506 Kęsowo",
"89-510 Lubiewo",
"89-511 Cekcyn",
"89-512 Cekcyn",
"89-520 Gostycyn",
"89-524 Lubiewo",
"89-525 Lubiewo",
"89-526 Lubiewo",
"89-530 Śliwice",
"89-600 Chojnice",
"89-606 Chojnice",
"89-607 Konarzyny",
"89-608 Chojnice",
"89-620 Chojnice",
"89-632 Brusy",
"89-634 Brusy",
"89-642 Czersk",
"89-650 Czersk",
"89-651 Czersk",
"89-652 Czersk",
"90-001 Łódź",
"92-701 Nowosolna",
"95-001 Zgierz",
"95-002 Zgierz",
"95-006 Brójce",
"95-010 Stryków",
"95-011 Stryków",
"95-015 Głowno",
"95-020 Andrespol",
"95-030 Rzgów",
"95-035 Ozorków",
"95-039 Ozorków",
"95-040 Koluszki",
"95-041 Koluszki",
"95-043 Parzęczew",
"95-045 Parzęczew",
"95-047 Jeżów",
"95-050 Konstantynów Łódzki",
"95-054 Ksawerów",
"95-060 Brzeziny",
"95-061 Dmosin",
"95-063 Rogów",
"95-070 Aleksandrów Łódzki",
"95-073 Zgierz",
"95-080 Tuszyn",
"95-081 Dłutów",
"95-082 Dobroń",
"95-083 Lutomiersk",
"95-100 Zgierz",
"95-200 Pabianice",
"96-100 Skierniewice",
"96-111 Kowiesy",
"96-115 Nowy Kawęczyn",
"96-116 Skierniewice",
"96-124 Maków",
"96-126 Godzianów",
"96-127 Lipce Reymontowskie",
"96-128 Słupia",
"96-130 Głuchów",
"96-200 Rawa Mazowiecka",
"96-206 Sadkowice",
"96-208 Sadkowice",
"96-214 Cielądz",
"96-230 Biała Rawska",
"96-232 Regnów",
"96-300 Radziejowice",
"96-313 Jaktorów",
"96-314 Baranów",
"96-315 Wiskitki",
"96-316 Jaktorów",
"96-317 Wiskitki",
"96-320 Mszczonów",
"96-321 Żabia Wola",
"96-323 Mszczonów",
"96-325 Radziejowice",
"96-330 Puszcza Mariańska",
"96-332 Puszcza Mariańska",
"96-500 Sochaczew",
"96-502 Sochaczew",
"96-503 Sochaczew",
"96-512 Młodzieszyn",
"96-513 Nowa Sucha",
"96-514 Rybno",
"96-515 Teresin",
"96-520 Iłów",
"96-521 Iłów",
"97-200 Tomaszów Mazowiecki",
"97-212 Budziszewice",
"97-213 Tomaszów Mazowiecki",
"97-215 Inowłódz",
"97-216 Czerniewice",
"97-217 Lubochnia",
"97-220 Rzeczyca",
"97-221 Rokiciny",
"97-225 Ujazd",
"97-226 Żelechlinek",
"97-300 Piotrków Trybunalski",
"97-306 Grabica",
"97-310 Moszczenica",
"97-318 Czarnocin",
"97-319 Będków",
"97-320 Wolbórz",
"97-330 Sulejów",
"97-340 Rozprza",
"97-350 Gorzkowice",
"97-352 Łęki Szlacheckie",
"97-360 Kamieńsk",
"97-371 Wola Krzysztoporska",
"97-400 Bełchatów",
"97-403 Drużbice",
"97-410 Kleszczów",
"97-415 Kluki",
"97-420 Szczerców",
"97-425 Zelów",
"97-438 Rusiec",
"97-500 Radomsko",
"97-505 Dobryszyce",
"97-510 Ręczno",
"97-512 Kodrąb",
"97-515 Masłowice",
"97-524 Kobiele Wielkie",
"97-525 Wielgomłyny",
"97-532 Żytno",
"97-540 Gidle",
"97-545 Gomunice",
"97-561 Ładzice",
"97-565 Lgota Wielka",
"97-570 Przedbórz",
"98-100 Łask",
"98-105 Wodzierady",
"98-113 Buczek",
"98-160 Sędziejowice",
"98-161 Zapolice",
"98-170 Widawa",
"98-200 Sieradz",
"98-215 Goszczanów",
"98-220 Zduńska Wola",
"98-235 Błaszki",
"98-240 Szadek",
"98-260 Burzenin",
"98-270 Złoczew",
"98-273 Klonowa",
"98-275 Brzeźnio",
"98-277 Brąszewice",
"98-285 Wróblew",
"98-290 Warta",
"98-300 Wieluń",
"98-310 Czarnożyły",
"98-311 Ostrówek",
"98-313 Konopnica",
"98-320 Osjaków",
"98-324 Wierzchlas",
"98-330 Pajęczno",
"98-331 Nowa Brzeźnica",
"98-332 Rząśnia",
"98-335 Pątnów",
"98-337 Strzelce Wielkie",
"98-338 Sulmierzyce",
"98-345 Mokrsko",
"98-346 Skomlin",
"98-350 Biała",
"98-354 Siemkowice",
"98-355 Działoszyn",
"98-358 Kiełczygłów",
"98-360 Lututów",
"98-400 Wieruszów",
"98-405 Galewice",
"98-410 Czastary",
"98-420 Sokolniki",
"98-430 Bolesławiec",
"98-432 Łubnice",
"99-100 Łęczyca",
"99-106 Grabów",
"99-107 Daszyna",
"99-120 Piątek",
"99-122 Góra Świętej Małgorzaty",
"99-140 Świnice Warckie",
"99-142 Łęczyca",
"99-150 Grabów",
"99-200 Poddębice",
"99-205 Dalików",
"99-210 Uniejów",
"99-220 Wartkowice",
"99-232 Zadzim",
"99-235 Pęczniew",
"99-300 Kutno",
"99-306 Łanięta",
"99-307 Strzelce",
"99-311 Bedlno",
"99-314 Krzyżanów",
"99-319 Żychlin",
"99-320 Żychlin",
"99-321 Żychlin",
"99-322 Oporów",
"99-323 Oporów",
"99-335 Witonia",
"99-340 Krośniewice",
"99-350 Nowe Ostrowy",
"99-352 Dąbrowice",
"99-400 Łowicz",
"99-412 Kiernozia",
"99-413 Chąśno",
"99-414 Kocierzew Południowy",
"99-416 Nieborów",
"99-417 Bolimów",
"99-418 Nieborów",
"99-420 Łyszkowice",
"99-423 Bielawy",
"99-434 Domaniewice",
"99-436 Nieborów",
"99-440 Zduny"]
}